Workbook

Sheet MASTER_REGISTER
A1: Registration Date | B1: Year | C1: Grade | D1: Applicant Sequence | E1: Student Number | F1: Full Name | G1: Email | H1: Phone | I1: Package Name | J1: Total Fee | K1: Status | L1: Amount Paid (R) | M1: Balance (R) | N1: Payment Status | O1: Last Payment Date
L2: =IF(E2="","",SUMIF(PAYMENTS!C:C,E2,PAYMENTS!E:E)) | M2: =IF(E2="","",J2-L2) | N2: =IF(E2="","",IF(M2<=0,"Paid",IF(L2>0,"Part Paid","Unpaid"))) | O2: =IF(E2="","",IFERROR(_xludf.MAXIFS(PAYMENTS!A:A,PAYMENTS!C:C,E2),""))
L3: =IF(E3="","",SUMIF(PAYMENTS!C:C,E3,PAYMENTS!E:E)) | M3: =IF(E3="","",J3-L3) | N3: =IF(E3="","",IF(M3<=0,"Paid",IF(L3>0,"Part Paid","Unpaid"))) | O3: =IF(E3="","",IFERROR(_xludf.MAXIFS(PAYMENTS!A:A,PAYMENTS!C:C,E3),""))
L4: =IF(E4="","",SUMIF(PAYMENTS!C:C,E4,PAYMENTS!E:E)) | M4: =IF(E4="","",J4-L4) | N4: =IF(E4="","",IF(M4<=0,"Paid",IF(L4>0,"Part Paid","Unpaid"))) | O4: =IF(E4="","",IFERROR(_xludf.MAXIFS(PAYMENTS!A:A,PAYMENTS!C:C,E4),""))
L5: =IF(E5="","",SUMIF(PAYMENTS!C:C,E5,PAYMENTS!E:E)) | M5: =IF(E5="","",J5-L5) | N5: =IF(E5="","",IF(M5<=0,"Paid",IF(L5>0,"Part Paid","Unpaid"))) | O5: =IF(E5="","",IFERROR(_xludf.MAXIFS(PAYMENTS!A:A,PAYMENTS!C:C,E5),""))
L6: =IF(E6="","",SUMIF(PAYMENTS!C:C,E6,PAYMENTS!E:E)) | M6: =IF(E6="","",J6-L6) | N6: =IF(E6="","",IF(M6<=0,"Paid",IF(L6>0,"Part Paid","Unpaid"))) | O6: =IF(E6="","",IFERROR(_xludf.MAXIFS(PAYMENTS!A:A,PAYMENTS!C:C,E6),""))
L7: =IF(E7="","",SUMIF(PAYMENTS!C:C,E7,PAYMENTS!E:E)) | M7: =IF(E7="","",J7-L7) | N7: =IF(E7="","",IF(M7<=0,"Paid",IF(L7>0,"Part Paid","Unpaid"))) | O7: =IF(E7="","",IFERROR(_xludf.MAXIFS(PAYMENTS!A:A,PAYMENTS!C:C,E7),""))
L8: =IF(E8="","",SUMIF(PAYMENTS!C:C,E8,PAYMENTS!E:E)) | M8: =IF(E8="","",J8-L8) | N8: =IF(E8="","",IF(M8<=0,"Paid",IF(L8>0,"Part Paid","Unpaid"))) | O8: =IF(E8="","",IFERROR(_xludf.MAXIFS(PAYMENTS!A:A,PAYMENTS!C:C,E8),""))
L9: =IF(E9="","",SUMIF(PAYMENTS!C:C,E9,PAYMENTS!E:E)) | M9: =IF(E9="","",J9-L9) | N9: =IF(E9="","",IF(M9<=0,"Paid",IF(L9>0,"Part Paid","Unpaid"))) | O9: =IF(E9="","",IFERROR(_xludf.MAXIFS(PAYMENTS!A:A,PAYMENTS!C:C,E9),""))
L10: =IF(E10="","",SUMIF(PAYMENTS!C:C,E10,PAYMENTS!E:E)) | M10: =IF(E10="","",J10-L10) | N10: =IF(E10="","",IF(M10<=0,"Paid",IF(L10>0,"Part Paid","Unpaid"))) | O10: =IF(E10="","",IFERROR(_xludf.MAXIFS(PAYMENTS!A:A,PAYMENTS!C:C,E10),""))
L11: =IF(E11="","",SUMIF(PAYMENTS!C:C,E11,PAYMENTS!E:E)) | M11: =IF(E11="","",J11-L11) | N11: =IF(E11="","",IF(M11<=0,"Paid",IF(L11>0,"Part Paid","Unpaid"))) | O11: =IF(E11="","",IFERROR(_xludf.MAXIFS(PAYMENTS!A:A,PAYMENTS!C:C,E11),""))
L12: =IF(E12="","",SUMIF(PAYMENTS!C:C,E12,PAYMENTS!E:E)) | M12: =IF(E12="","",J12-L12) | N12: =IF(E12="","",IF(M12<=0,"Paid",IF(L12>0,"Part Paid","Unpaid"))) | O12: =IF(E12="","",IFERROR(_xludf.MAXIFS(PAYMENTS!A:A,PAYMENTS!C:C,E12),""))
L13: =IF(E13="","",SUMIF(PAYMENTS!C:C,E13,PAYMENTS!E:E)) | M13: =IF(E13="","",J13-L13) | N13: =IF(E13="","",IF(M13<=0,"Paid",IF(L13>0,"Part Paid","Unpaid"))) | O13: =IF(E13="","",IFERROR(_xludf.MAXIFS(PAYMENTS!A:A,PAYMENTS!C:C,E13),""))
... L1000: =IF(E1000="","",SUMIF(PAYMENTS!C:C,E1000,PAYMENTS!E:E)) | M1000: =IF(E1000="","",J1000-L1000) | N1000: =IF(E1000="","",IF(M1000<=0,"Paid",IF(L1000>0,"Part Paid","Unpaid"))) | O1000: =IF(E1000="","",IFERROR(_xludf.MAXIFS(PAYMENTS!A:A,PAYMENTS!C:C,E1000),""))

Sheet AUTO_IMPORT
A1: Registration Date | B1: Year | C1: Grade | D1: Applicant Sequence | E1: Student Number | F1: Full Name | G1: Email | H1: Phone | I1: Package Name | J1: Total Fee

Sheet ATTENDANCE_DAILY
A1: Session Date | B1: Grade (auto) | C1: Student Number | D1: Learner Name (auto) | E1: Present? | F1: Arrival Time | G1: Departure Time | H1: Reason (if absent) | I1: Notes
B2: =IFERROR(_xludf.XLOOKUP(C2,MASTER_REGISTER!E:E,MASTER_REGISTER!C:C,""),"") | D2: =IFERROR(_xludf.XLOOKUP(C2,MASTER_REGISTER!E:E,MASTER_REGISTER!F:F,""),"")
B3: =IFERROR(_xludf.XLOOKUP(C3,MASTER_REGISTER!E:E,MASTER_REGISTER!C:C,""),"") | D3: =IFERROR(_xludf.XLOOKUP(C3,MASTER_REGISTER!E:E,MASTER_REGISTER!F:F,""),"")
B4: =IFERROR(_xludf.XLOOKUP(C4,MASTER_REGISTER!E:E,MASTER_REGISTER!C:C,""),"") | D4: =IFERROR(_xludf.XLOOKUP(C4,MASTER_REGISTER!E:E,MASTER_REGISTER!F:F,""),"")
B5: =IFERROR(_xludf.XLOOKUP(C5,MASTER_REGISTER!E:E,MASTER_REGISTER!C:C,""),"") | D5: =IFERROR(_xludf.XLOOKUP(C5,MASTER_REGISTER!E:E,MASTER_REGISTER!F:F,""),"")
B6: =IFERROR(_xludf.XLOOKUP(C6,MASTER_REGISTER!E:E,MASTER_REGISTER!C:C,""),"") | D6: =IFERROR(_xludf.XLOOKUP(C6,MASTER_REGISTER!E:E,MASTER_REGISTER!F:F,""),"")
B7: =IFERROR(_xludf.XLOOKUP(C7,MASTER_REGISTER!E:E,MASTER_REGISTER!C:C,""),"") | D7: =IFERROR(_xludf.XLOOKUP(C7,MASTER_REGISTER!E:E,MASTER_REGISTER!F:F,""),"")
B8: =IFERROR(_xludf.XLOOKUP(C8,MASTER_REGISTER!E:E,MASTER_REGISTER!C:C,""),"") | D8: =IFERROR(_xludf.XLOOKUP(C8,MASTER_REGISTER!E:E,MASTER_REGISTER!F:F,""),"")
B9: =IFERROR(_xludf.XLOOKUP(C9,MASTER_REGISTER!E:E,MASTER_REGISTER!C:C,""),"") | D9: =IFERROR(_xludf.XLOOKUP(C9,MASTER_REGISTER!E:E,MASTER_REGISTER!F:F,""),"")
B10: =IFERROR(_xludf.XLOOKUP(C10,MASTER_REGISTER!E:E,MASTER_REGISTER!C:C,""),"") | D10: =IFERROR(_xludf.XLOOKUP(C10,MASTER_REGISTER!E:E,MASTER_REGISTER!F:F,""),"")
B11: =IFERROR(_xludf.XLOOKUP(C11,MASTER_REGISTER!E:E,MASTER_REGISTER!C:C,""),"") | D11: =IFERROR(_xludf.XLOOKUP(C11,MASTER_REGISTER!E:E,MASTER_REGISTER!F:F,""),"")
B12: =IFERROR(_xludf.XLOOKUP(C12,MASTER_REGISTER!E:E,MASTER_REGISTER!C:C,""),"") | D12: =IFERROR(_xludf.XLOOKUP(C12,MASTER_REGISTER!E:E,MASTER_REGISTER!F:F,""),"")
B13: =IFERROR(_xludf.XLOOKUP(C13,MASTER_REGISTER!E:E,MASTER_REGISTER!C:C,""),"") | D13: =IFERROR(_xludf.XLOOKUP(C13,MASTER_REGISTER!E:E,MASTER_REGISTER!F:F,""),"")
... B501: =IFERROR(_xludf.XLOOKUP(C501,MASTER_REGISTER!E:E,MASTER_REGISTER!C:C,""),"") | D501: =IFERROR(_xludf.XLOOKUP(C501,MASTER_REGISTER!E:E,MASTER_REGISTER!F:F,""),"")

Sheet ATTENDANCE_SUMMARY
A1: Student Number | B1: Learner Name | C1: Grade | D1: Sessions Recorded | E1: Days Present | F1: Days Absent | G1: Attendance % | H1: Attendance Flag
A2: =IF(MASTER_REGISTER!E2="","",MASTER_REGISTER!E2) | B2: =IF(A2="","",MASTER_REGISTER!F2) | C2: =IF(A2="","",MASTER_REGISTER!C2) | D2: =IF(A2="","",COUNTIF(ATTENDANCE_DAILY!C:C,A2)) | E2: =IF(A2="","",COUNTIFS(ATTENDANCE_DAILY!C:C,A2,ATTENDANCE_DAILY!E:E,"Present")) | F2: =IF(A2="","",COUNTIFS(ATTENDANCE_DAILY!C:C,A2,ATTENDANCE_DAILY!E:E,"Absent")) | G2: =IF(D2=0,"",E2/D2) | H2: =IF(G2="","",IF(G2<0.75,"Low Attendance","OK"))
A3: =IF(MASTER_REGISTER!E3="","",MASTER_REGISTER!E3) | B3: =IF(A3="","",MASTER_REGISTER!F3) | C3: =IF(A3="","",MASTER_REGISTER!C3) | D3: =IF(A3="","",COUNTIF(ATTENDANCE_DAILY!C:C,A3)) | E3: =IF(A3="","",COUNTIFS(ATTENDANCE_DAILY!C:C,A3,ATTENDANCE_DAILY!E:E,"Present")) | F3: =IF(A3="","",COUNTIFS(ATTENDANCE_DAILY!C:C,A3,ATTENDANCE_DAILY!E:E,"Absent")) | G3: =IF(D3=0,"",E3/D3) | H3: =IF(G3="","",IF(G3<0.75,"Low Attendance","OK"))
A4: =IF(MASTER_REGISTER!E4="","",MASTER_REGISTER!E4) | B4: =IF(A4="","",MASTER_REGISTER!F4) | C4: =IF(A4="","",MASTER_REGISTER!C4) | D4: =IF(A4="","",COUNTIF(ATTENDANCE_DAILY!C:C,A4)) | E4: =IF(A4="","",COUNTIFS(ATTENDANCE_DAILY!C:C,A4,ATTENDANCE_DAILY!E:E,"Present")) | F4: =IF(A4="","",COUNTIFS(ATTENDANCE_DAILY!C:C,A4,ATTENDANCE_DAILY!E:E,"Absent")) | G4: =IF(D4=0,"",E4/D4) | H4: =IF(G4="","",IF(G4<0.75,"Low Attendance","OK"))
A5: =IF(MASTER_REGISTER!E5="","",MASTER_REGISTER!E5) | B5: =IF(A5="","",MASTER_REGISTER!F5) | C5: =IF(A5="","",MASTER_REGISTER!C5) | D5: =IF(A5="","",COUNTIF(ATTENDANCE_DAILY!C:C,A5)) | E5: =IF(A5="","",COUNTIFS(ATTENDANCE_DAILY!C:C,A5,ATTENDANCE_DAILY!E:E,"Present")) | F5: =IF(A5="","",COUNTIFS(ATTENDANCE_DAILY!C:C,A5,ATTENDANCE_DAILY!E:E,"Absent")) | G5: =IF(D5=0,"",E5/D5) | H5: =IF(G5="","",IF(G5<0.75,"Low Attendance","OK"))
A6: =IF(MASTER_REGISTER!E6="","",MASTER_REGISTER!E6) | B6: =IF(A6="","",MASTER_REGISTER!F6) | C6: =IF(A6="","",MASTER_REGISTER!C6) | D6: =IF(A6="","",COUNTIF(ATTENDANCE_DAILY!C:C,A6)) | E6: =IF(A6="","",COUNTIFS(ATTENDANCE_DAILY!C:C,A6,ATTENDANCE_DAILY!E:E,"Present")) | F6: =IF(A6="","",COUNTIFS(ATTENDANCE_DAILY!C:C,A6,ATTENDANCE_DAILY!E:E,"Absent")) | G6: =IF(D6=0,"",E6/D6) | H6: =IF(G6="","",IF(G6<0.75,"Low Attendance","OK"))
A7: =IF(MASTER_REGISTER!E7="","",MASTER_REGISTER!E7) | B7: =IF(A7="","",MASTER_REGISTER!F7) | C7: =IF(A7="","",MASTER_REGISTER!C7) | D7: =IF(A7="","",COUNTIF(ATTENDANCE_DAILY!C:C,A7)) | E7: =IF(A7="","",COUNTIFS(ATTENDANCE_DAILY!C:C,A7,ATTENDANCE_DAILY!E:E,"Present")) | F7: =IF(A7="","",COUNTIFS(ATTENDANCE_DAILY!C:C,A7,ATTENDANCE_DAILY!E:E,"Absent")) | G7: =IF(D7=0,"",E7/D7) | H7: =IF(G7="","",IF(G7<0.75,"Low Attendance","OK"))
A8: =IF(MASTER_REGISTER!E8="","",MASTER_REGISTER!E8) | B8: =IF(A8="","",MASTER_REGISTER!F8) | C8: =IF(A8="","",MASTER_REGISTER!C8) | D8: =IF(A8="","",COUNTIF(ATTENDANCE_DAILY!C:C,A8)) | E8: =IF(A8="","",COUNTIFS(ATTENDANCE_DAILY!C:C,A8,ATTENDANCE_DAILY!E:E,"Present")) | F8: =IF(A8="","",COUNTIFS(ATTENDANCE_DAILY!C:C,A8,ATTENDANCE_DAILY!E:E,"Absent")) | G8: =IF(D8=0,"",E8/D8) | H8: =IF(G8="","",IF(G8<0.75,"Low Attendance","OK"))
A9: =IF(MASTER_REGISTER!E9="","",MASTER_REGISTER!E9) | B9: =IF(A9="","",MASTER_REGISTER!F9) | C9: =IF(A9="","",MASTER_REGISTER!C9) | D9: =IF(A9="","",COUNTIF(ATTENDANCE_DAILY!C:C,A9)) | E9: =IF(A9="","",COUNTIFS(ATTENDANCE_DAILY!C:C,A9,ATTENDANCE_DAILY!E:E,"Present")) | F9: =IF(A9="","",COUNTIFS(ATTENDANCE_DAILY!C:C,A9,ATTENDANCE_DAILY!E:E,"Absent")) | G9: =IF(D9=0,"",E9/D9) | H9: =IF(G9="","",IF(G9<0.75,"Low Attendance","OK"))
A10: =IF(MASTER_REGISTER!E10="","",MASTER_REGISTER!E10) | B10: =IF(A10="","",MASTER_REGISTER!F10) | C10: =IF(A10="","",MASTER_REGISTER!C10) | D10: =IF(A10="","",COUNTIF(ATTENDANCE_DAILY!C:C,A10)) | E10: =IF(A10="","",COUNTIFS(ATTENDANCE_DAILY!C:C,A10,ATTENDANCE_DAILY!E:E,"Present")) | F10: =IF(A10="","",COUNTIFS(ATTENDANCE_DAILY!C:C,A10,ATTENDANCE_DAILY!E:E,"Absent")) | G10: =IF(D10=0,"",E10/D10) | H10: =IF(G10="","",IF(G10<0.75,"Low Attendance","OK"))
A11: =IF(MASTER_REGISTER!E11="","",MASTER_REGISTER!E11) | B11: =IF(A11="","",MASTER_REGISTER!F11) | C11: =IF(A11="","",MASTER_REGISTER!C11) | D11: =IF(A11="","",COUNTIF(ATTENDANCE_DAILY!C:C,A11)) | E11: =IF(A11="","",COUNTIFS(ATTENDANCE_DAILY!C:C,A11,ATTENDANCE_DAILY!E:E,"Present")) | F11: =IF(A11="","",COUNTIFS(ATTENDANCE_DAILY!C:C,A11,ATTENDANCE_DAILY!E:E,"Absent")) | G11: =IF(D11=0,"",E11/D11) | H11: =IF(G11="","",IF(G11<0.75,"Low Attendance","OK"))
A12: =IF(MASTER_REGISTER!E12="","",MASTER_REGISTER!E12) | B12: =IF(A12="","",MASTER_REGISTER!F12) | C12: =IF(A12="","",MASTER_REGISTER!C12) | D12: =IF(A12="","",COUNTIF(ATTENDANCE_DAILY!C:C,A12)) | E12: =IF(A12="","",COUNTIFS(ATTENDANCE_DAILY!C:C,A12,ATTENDANCE_DAILY!E:E,"Present")) | F12: =IF(A12="","",COUNTIFS(ATTENDANCE_DAILY!C:C,A12,ATTENDANCE_DAILY!E:E,"Absent")) | G12: =IF(D12=0,"",E12/D12) | H12: =IF(G12="","",IF(G12<0.75,"Low Attendance","OK"))
A13: =IF(MASTER_REGISTER!E13="","",MASTER_REGISTER!E13) | B13: =IF(A13="","",MASTER_REGISTER!F13) | C13: =IF(A13="","",MASTER_REGISTER!C13) | D13: =IF(A13="","",COUNTIF(ATTENDANCE_DAILY!C:C,A13)) | E13: =IF(A13="","",COUNTIFS(ATTENDANCE_DAILY!C:C,A13,ATTENDANCE_DAILY!E:E,"Present")) | F13: =IF(A13="","",COUNTIFS(ATTENDANCE_DAILY!C:C,A13,ATTENDANCE_DAILY!E:E,"Absent")) | G13: =IF(D13=0,"",E13/D13) | H13: =IF(G13="","",IF(G13<0.75,"Low Attendance","OK"))
... A501: =IF(MASTER_REGISTER!E501="","",MASTER_REGISTER!E501) | B501: =IF(A501="","",MASTER_REGISTER!F501) | C501: =IF(A501="","",MASTER_REGISTER!C501) | D501: =IF(A501="","",COUNTIF(ATTENDANCE_DAILY!C:C,A501)) | E501: =IF(A501="","",COUNTIFS(ATTENDANCE_DAILY!C:C,A501,ATTENDANCE_DAILY!E:E,"Present")) | F501: =IF(A501="","",COUNTIFS(ATTENDANCE_DAILY!C:C,A501,ATTENDANCE_DAILY!E:E,"Absent")) | G501: =IF(D501=0,"",E501/D501) | H501: =IF(G501="","",IF(G501<0.75,"Low Attendance","OK"))

Sheet PAYMENTS
A1: Payment Date | B1: Receipt/Ref | C1: Student Number | D1: Payer Name | E1: Amount Paid (R) | F1: Method | G1: Notes

Sheet ASSESSMENTS
A1: Assessment Date | B1: Student Number | C1: Learner Name (auto) | D1: Grade (auto) | E1: Subject | F1: Assessment Type | G1: Topic | H1: Score (%) | I1: Tutor | J1: Notes
C2: =IFERROR(_xludf.XLOOKUP(B2,MASTER_REGISTER!E:E,MASTER_REGISTER!F:F,""),"") | D2: =IFERROR(_xludf.XLOOKUP(B2,MASTER_REGISTER!E:E,MASTER_REGISTER!C:C,""),"")
C3: =IFERROR(_xludf.XLOOKUP(B3,MASTER_REGISTER!E:E,MASTER_REGISTER!F:F,""),"") | D3: =IFERROR(_xludf.XLOOKUP(B3,MASTER_REGISTER!E:E,MASTER_REGISTER!C:C,""),"")
C4: =IFERROR(_xludf.XLOOKUP(B4,MASTER_REGISTER!E:E,MASTER_REGISTER!F:F,""),"") | D4: =IFERROR(_xludf.XLOOKUP(B4,MASTER_REGISTER!E:E,MASTER_REGISTER!C:C,""),"")
C5: =IFERROR(_xludf.XLOOKUP(B5,MASTER_REGISTER!E:E,MASTER_REGISTER!F:F,""),"") | D5: =IFERROR(_xludf.XLOOKUP(B5,MASTER_REGISTER!E:E,MASTER_REGISTER!C:C,""),"")
C6: =IFERROR(_xludf.XLOOKUP(B6,MASTER_REGISTER!E:E,MASTER_REGISTER!F:F,""),"") | D6: =IFERROR(_xludf.XLOOKUP(B6,MASTER_REGISTER!E:E,MASTER_REGISTER!C:C,""),"")
C7: =IFERROR(_xludf.XLOOKUP(B7,MASTER_REGISTER!E:E,MASTER_REGISTER!F:F,""),"") | D7: =IFERROR(_xludf.XLOOKUP(B7,MASTER_REGISTER!E:E,MASTER_REGISTER!C:C,""),"")
C8: =IFERROR(_xludf.XLOOKUP(B8,MASTER_REGISTER!E:E,MASTER_REGISTER!F:F,""),"") | D8: =IFERROR(_xludf.XLOOKUP(B8,MASTER_REGISTER!E:E,MASTER_REGISTER!C:C,""),"")
C9: =IFERROR(_xludf.XLOOKUP(B9,MASTER_REGISTER!E:E,MASTER_REGISTER!F:F,""),"") | D9: =IFERROR(_xludf.XLOOKUP(B9,MASTER_REGISTER!E:E,MASTER_REGISTER!C:C,""),"")
C10: =IFERROR(_xludf.XLOOKUP(B10,MASTER_REGISTER!E:E,MASTER_REGISTER!F:F,""),"") | D10: =IFERROR(_xludf.XLOOKUP(B10,MASTER_REGISTER!E:E,MASTER_REGISTER!C:C,""),"")
C11: =IFERROR(_xludf.XLOOKUP(B11,MASTER_REGISTER!E:E,MASTER_REGISTER!F:F,""),"") | D11: =IFERROR(_xludf.XLOOKUP(B11,MASTER_REGISTER!E:E,MASTER_REGISTER!C:C,""),"")
C12: =IFERROR(_xludf.XLOOKUP(B12,MASTER_REGISTER!E:E,MASTER_REGISTER!F:F,""),"") | D12: =IFERROR(_xludf.XLOOKUP(B12,MASTER_REGISTER!E:E,MASTER_REGISTER!C:C,""),"")
C13: =IFERROR(_xludf.XLOOKUP(B13,MASTER_REGISTER!E:E,MASTER_REGISTER!F:F,""),"") | D13: =IFERROR(_xludf.XLOOKUP(B13,MASTER_REGISTER!E:E,MASTER_REGISTER!C:C,""),"")
... C501: =IFERROR(_xludf.XLOOKUP(B501,MASTER_REGISTER!E:E,MASTER_REGISTER!F:F,""),"") | D501: =IFERROR(_xludf.XLOOKUP(B501,MASTER_REGISTER!E:E,MASTER_REGISTER!C:C,""),"")

Sheet PROGRESS_SUMMARY
A1: Student Number | B1: Learner Name | C1: Grade | D1: Assessments Logged | E1: Average Score (%) | F1: Math Avg | G1: Math Lit Avg | H1: Physical Sciences Avg | I1: Geography Avg | J1: Accounting Avg | K1: English Avg | L1: Attendance % (auto) | M1: Progress Flag
A2: =IF(MASTER_REGISTER!E2="","",MASTER_REGISTER!E2) | B2: =IF(A2="","",MASTER_REGISTER!F2) | C2: =IF(A2="","",MASTER_REGISTER!C2) | D2: =IF(A2="","",COUNTIF(ASSESSMENTS!B:B,A2)) | E2: =IF(D2=0,"",ROUND(AVERAGEIF(ASSESSMENTS!B:B,A2,ASSESSMENTS!H:H),1)) | F2: =IF(A2="","",IFERROR(ROUND(AVERAGEIFS(ASSESSMENTS!H:H,ASSESSMENTS!B:B,A2,ASSESSMENTS!E:E,"Mathematics"),1),"")) | G2: =IF(A2="","",IFERROR(ROUND(AVERAGEIFS(ASSESSMENTS!H:H,ASSESSMENTS!B:B,A2,ASSESSMENTS!E:E,"Mathematical Literacy"),1),"")) | H2: =IF(A2="","",IFERROR(ROUND(AVERAGEIFS(ASSESSMENTS!H:H,ASSESSMENTS!B:B,A2,ASSESSMENTS!E:E,"Physical Sciences"),1),"")) | I2: =IF(A2="","",IFERROR(ROUND(AVERAGEIFS(ASSESSMENTS!H:H,ASSESSMENTS!B:B,A2,ASSESSMENTS!E:E,"Geography"),1),"")) | J2: =IF(A2="","",IFERROR(ROUND(AVERAGEIFS(ASSESSMENTS!H:H,ASSESSMENTS!B:B,A2,ASSESSMENTS!E:E,"Accounting"),1),"")) | K2: =IF(A2="","",IFERROR(ROUND(AVERAGEIFS(ASSESSMENTS!H:H,ASSESSMENTS!B:B,A2,ASSESSMENTS!E:E,"English"),1),"")) | L2: =IF(A2="","",IFERROR(_xludf.XLOOKUP(A2,ATTENDANCE_SUMMARY!A:A,ATTENDANCE_SUMMARY!G:G,""),"")) | M2: =IF(A2="","",IF(OR(E2<50,AND(L2<0.75,L2<>"" )),"At Risk","On Track"))
A3: =IF(MASTER_REGISTER!E3="","",MASTER_REGISTER!E3) | B3: =IF(A3="","",MASTER_REGISTER!F3) | C3: =IF(A3="","",MASTER_REGISTER!C3) | D3: =IF(A3="","",COUNTIF(ASSESSMENTS!B:B,A3)) | E3: =IF(D3=0,"",ROUND(AVERAGEIF(ASSESSMENTS!B:B,A3,ASSESSMENTS!H:H),1)) | F3: =IF(A3="","",IFERROR(ROUND(AVERAGEIFS(ASSESSMENTS!H:H,ASSESSMENTS!B:B,A3,ASSESSMENTS!E:E,"Mathematics"),1),"")) | G3: =IF(A3="","",IFERROR(ROUND(AVERAGEIFS(ASSESSMENTS!H:H,ASSESSMENTS!B:B,A3,ASSESSMENTS!E:E,"Mathematical Literacy"),1),"")) | H3: =IF(A3="","",IFERROR(ROUND(AVERAGEIFS(ASSESSMENTS!H:H,ASSESSMENTS!B:B,A3,ASSESSMENTS!E:E,"Physical Sciences"),1),"")) | I3: =IF(A3="","",IFERROR(ROUND(AVERAGEIFS(ASSESSMENTS!H:H,ASSESSMENTS!B:B,A3,ASSESSMENTS!E:E,"Geography"),1),"")) | J3: =IF(A3="","",IFERROR(ROUND(AVERAGEIFS(ASSESSMENTS!H:H,ASSESSMENTS!B:B,A3,ASSESSMENTS!E:E,"Accounting"),1),"")) | K3: =IF(A3="","",IFERROR(ROUND(AVERAGEIFS(ASSESSMENTS!H:H,ASSESSMENTS!B:B,A3,ASSESSMENTS!E:E,"English"),1),"")) | L3: =IF(A3="","",IFERROR(_xludf.XLOOKUP(A3,ATTENDANCE_SUMMARY!A:A,ATTENDANCE_SUMMARY!G:G,""),"")) | M3: =IF(A3="","",IF(OR(E3<50,AND(L3<0.75,L3<>"" )),"At Risk","On Track"))
A4: =IF(MASTER_REGISTER!E4="","",MASTER_REGISTER!E4) | B4: =IF(A4="","",MASTER_REGISTER!F4) | C4: =IF(A4="","",MASTER_REGISTER!C4) | D4: =IF(A4="","",COUNTIF(ASSESSMENTS!B:B,A4)) | E4: =IF(D4=0,"",ROUND(AVERAGEIF(ASSESSMENTS!B:B,A4,ASSESSMENTS!H:H),1)) | F4: =IF(A4="","",IFERROR(ROUND(AVERAGEIFS(ASSESSMENTS!H:H,ASSESSMENTS!B:B,A4,ASSESSMENTS!E:E,"Mathematics"),1),"")) | G4: =IF(A4="","",IFERROR(ROUND(AVERAGEIFS(ASSESSMENTS!H:H,ASSESSMENTS!B:B,A4,ASSESSMENTS!E:E,"Mathematical Literacy"),1),"")) | H4: =IF(A4="","",IFERROR(ROUND(AVERAGEIFS(ASSESSMENTS!H:H,ASSESSMENTS!B:B,A4,ASSESSMENTS!E:E,"Physical Sciences"),1),"")) | I4: =IF(A4="","",IFERROR(ROUND(AVERAGEIFS(ASSESSMENTS!H:H,ASSESSMENTS!B:B,A4,ASSESSMENTS!E:E,"Geography"),1),"")) | J4: =IF(A4="","",IFERROR(ROUND(AVERAGEIFS(ASSESSMENTS!H:H,ASSESSMENTS!B:B,A4,ASSESSMENTS!E:E,"Accounting"),1),"")) | K4: =IF(A4="","",IFERROR(ROUND(AVERAGEIFS(ASSESSMENTS!H:H,ASSESSMENTS!B:B,A4,ASSESSMENTS!E:E,"English"),1),"")) | L4: =IF(A4="","",IFERROR(_xludf.XLOOKUP(A4,ATTENDANCE_SUMMARY!A:A,ATTENDANCE_SUMMARY!G:G,""),"")) | M4: =IF(A4="","",IF(OR(E4<50,AND(L4<0.75,L4<>"" )),"At Risk","On Track"))
A5: =IF(MASTER_REGISTER!E5="","",MASTER_REGISTER!E5) | B5: =IF(A5="","",MASTER_REGISTER!F5) | C5: =IF(A5="","",MASTER_REGISTER!C5) | D5: =IF(A5="","",COUNTIF(ASSESSMENTS!B:B,A5)) | E5: =IF(D5=0,"",ROUND(AVERAGEIF(ASSESSMENTS!B:B,A5,ASSESSMENTS!H:H),1)) | F5: =IF(A5="","",IFERROR(ROUND(AVERAGEIFS(ASSESSMENTS!H:H,ASSESSMENTS!B:B,A5,ASSESSMENTS!E:E,"Mathematics"),1),"")) | G5: =IF(A5="","",IFERROR(ROUND(AVERAGEIFS(ASSESSMENTS!H:H,ASSESSMENTS!B:B,A5,ASSESSMENTS!E:E,"Mathematical Literacy"),1),"")) | H5: =IF(A5="","",IFERROR(ROUND(AVERAGEIFS(ASSESSMENTS!H:H,ASSESSMENTS!B:B,A5,ASSESSMENTS!E:E,"Physical Sciences"),1),"")) | I5: =IF(A5="","",IFERROR(ROUND(AVERAGEIFS(ASSESSMENTS!H:H,ASSESSMENTS!B:B,A5,ASSESSMENTS!E:E,"Geography"),1),"")) | J5: =IF(A5="","",IFERROR(ROUND(AVERAGEIFS(ASSESSMENTS!H:H,ASSESSMENTS!B:B,A5,ASSESSMENTS!E:E,"Accounting"),1),"")) | K5: =IF(A5="","",IFERROR(ROUND(AVERAGEIFS(ASSESSMENTS!H:H,ASSESSMENTS!B:B,A5,ASSESSMENTS!E:E,"English"),1),"")) | L5: =IF(A5="","",IFERROR(_xludf.XLOOKUP(A5,ATTENDANCE_SUMMARY!A:A,ATTENDANCE_SUMMARY!G:G,""),"")) | M5: =IF(A5="","",IF(OR(E5<50,AND(L5<0.75,L5<>"" )),"At Risk","On Track"))
A6: =IF(MASTER_REGISTER!E6="","",MASTER_REGISTER!E6) | B6: =IF(A6="","",MASTER_REGISTER!F6) | C6: =IF(A6="","",MASTER_REGISTER!C6) | D6: =IF(A6="","",COUNTIF(ASSESSMENTS!B:B,A6)) | E6: =IF(D6=0,"",ROUND(AVERAGEIF(ASSESSMENTS!B:B,A6,ASSESSMENTS!H:H),1)) | F6: =IF(A6="","",IFERROR(ROUND(AVERAGEIFS(ASSESSMENTS!H:H,ASSESSMENTS!B:B,A6,ASSESSMENTS!E:E,"Mathematics"),1),"")) | G6: =IF(A6="","",IFERROR(ROUND(AVERAGEIFS(ASSESSMENTS!H:H,ASSESSMENTS!B:B,A6,ASSESSMENTS!E:E,"Mathematical Literacy"),1),"")) | H6: =IF(A6="","",IFERROR(ROUND(AVERAGEIFS(ASSESSMENTS!H:H,ASSESSMENTS!B:B,A6,ASSESSMENTS!E:E,"Physical Sciences"),1),"")) | I6: =IF(A6="","",IFERROR(ROUND(AVERAGEIFS(ASSESSMENTS!H:H,ASSESSMENTS!B:B,A6,ASSESSMENTS!E:E,"Geography"),1),"")) | J6: =IF(A6="","",IFERROR(ROUND(AVERAGEIFS(ASSESSMENTS!H:H,ASSESSMENTS!B:B,A6,ASSESSMENTS!E:E,"Accounting"),1),"")) | K6: =IF(A6="","",IFERROR(ROUND(AVERAGEIFS(ASSESSMENTS!H:H,ASSESSMENTS!B:B,A6,ASSESSMENTS!E:E,"English"),1),"")) | L6: =IF(A6="","",IFERROR(_xludf.XLOOKUP(A6,ATTENDANCE_SUMMARY!A:A,ATTENDANCE_SUMMARY!G:G,""),"")) | M6: =IF(A6="","",IF(OR(E6<50,AND(L6<0.75,L6<>"" )),"At Risk","On Track"))
A7: =IF(MASTER_REGISTER!E7="","",MASTER_REGISTER!E7) | B7: =IF(A7="","",MASTER_REGISTER!F7) | C7: =IF(A7="","",MASTER_REGISTER!C7) | D7: =IF(A7="","",COUNTIF(ASSESSMENTS!B:B,A7)) | E7: =IF(D7=0,"",ROUND(AVERAGEIF(ASSESSMENTS!B:B,A7,ASSESSMENTS!H:H),1)) | F7: =IF(A7="","",IFERROR(ROUND(AVERAGEIFS(ASSESSMENTS!H:H,ASSESSMENTS!B:B,A7,ASSESSMENTS!E:E,"Mathematics"),1),"")) | G7: =IF(A7="","",IFERROR(ROUND(AVERAGEIFS(ASSESSMENTS!H:H,ASSESSMENTS!B:B,A7,ASSESSMENTS!E:E,"Mathematical Literacy"),1),"")) | H7: =IF(A7="","",IFERROR(ROUND(AVERAGEIFS(ASSESSMENTS!H:H,ASSESSMENTS!B:B,A7,ASSESSMENTS!E:E,"Physical Sciences"),1),"")) | I7: =IF(A7="","",IFERROR(ROUND(AVERAGEIFS(ASSESSMENTS!H:H,ASSESSMENTS!B:B,A7,ASSESSMENTS!E:E,"Geography"),1),"")) | J7: =IF(A7="","",IFERROR(ROUND(AVERAGEIFS(ASSESSMENTS!H:H,ASSESSMENTS!B:B,A7,ASSESSMENTS!E:E,"Accounting"),1),"")) | K7: =IF(A7="","",IFERROR(ROUND(AVERAGEIFS(ASSESSMENTS!H:H,ASSESSMENTS!B:B,A7,ASSESSMENTS!E:E,"English"),1),"")) | L7: =IF(A7="","",IFERROR(_xludf.XLOOKUP(A7,ATTENDANCE_SUMMARY!A:A,ATTENDANCE_SUMMARY!G:G,""),"")) | M7: =IF(A7="","",IF(OR(E7<50,AND(L7<0.75,L7<>"" )),"At Risk","On Track"))
A8: =IF(MASTER_REGISTER!E8="","",MASTER_REGISTER!E8) | B8: =IF(A8="","",MASTER_REGISTER!F8) | C8: =IF(A8="","",MASTER_REGISTER!C8) | D8: =IF(A8="","",COUNTIF(ASSESSMENTS!B:B,A8)) | E8: =IF(D8=0,"",ROUND(AVERAGEIF(ASSESSMENTS!B:B,A8,ASSESSMENTS!H:H),1)) | F8: =IF(A8="","",IFERROR(ROUND(AVERAGEIFS(ASSESSMENTS!H:H,ASSESSMENTS!B:B,A8,ASSESSMENTS!E:E,"Mathematics"),1),"")) | G8: =IF(A8="","",IFERROR(ROUND(AVERAGEIFS(ASSESSMENTS!H:H,ASSESSMENTS!B:B,A8,ASSESSMENTS!E:E,"Mathematical Literacy"),1),"")) | H8: =IF(A8="","",IFERROR(ROUND(AVERAGEIFS(ASSESSMENTS!H:H,ASSESSMENTS!B:B,A8,ASSESSMENTS!E:E,"Physical Sciences"),1),"")) | I8: =IF(A8="","",IFERROR(ROUND(AVERAGEIFS(ASSESSMENTS!H:H,ASSESSMENTS!B:B,A8,ASSESSMENTS!E:E,"Geography"),1),"")) | J8: =IF(A8="","",IFERROR(ROUND(AVERAGEIFS(ASSESSMENTS!H:H,ASSESSMENTS!B:B,A8,ASSESSMENTS!E:E,"Accounting"),1),"")) | K8: =IF(A8="","",IFERROR(ROUND(AVERAGEIFS(ASSESSMENTS!H:H,ASSESSMENTS!B:B,A8,ASSESSMENTS!E:E,"English"),1),"")) | L8: =IF(A8="","",IFERROR(_xludf.XLOOKUP(A8,ATTENDANCE_SUMMARY!A:A,ATTENDANCE_SUMMARY!G:G,""),"")) | M8: =IF(A8="","",IF(OR(E8<50,AND(L8<0.75,L8<>"" )),"At Risk","On Track"))
A9: =IF(MASTER_REGISTER!E9="","",MASTER_REGISTER!E9) | B9: =IF(A9="","",MASTER_REGISTER!F9) | C9: =IF(A9="","",MASTER_REGISTER!C9) | D9: =IF(A9="","",COUNTIF(ASSESSMENTS!B:B,A9)) | E9: =IF(D9=0,"",ROUND(AVERAGEIF(ASSESSMENTS!B:B,A9,ASSESSMENTS!H:H),1)) | F9: =IF(A9="","",IFERROR(ROUND(AVERAGEIFS(ASSESSMENTS!H:H,ASSESSMENTS!B:B,A9,ASSESSMENTS!E:E,"Mathematics"),1),"")) | G9: =IF(A9="","",IFERROR(ROUND(AVERAGEIFS(ASSESSMENTS!H:H,ASSESSMENTS!B:B,A9,ASSESSMENTS!E:E,"Mathematical Literacy"),1),"")) | H9: =IF(A9="","",IFERROR(ROUND(AVERAGEIFS(ASSESSMENTS!H:H,ASSESSMENTS!B:B,A9,ASSESSMENTS!E:E,"Physical Sciences"),1),"")) | I9: =IF(A9="","",IFERROR(ROUND(AVERAGEIFS(ASSESSMENTS!H:H,ASSESSMENTS!B:B,A9,ASSESSMENTS!E:E,"Geography"),1),"")) | J9: =IF(A9="","",IFERROR(ROUND(AVERAGEIFS(ASSESSMENTS!H:H,ASSESSMENTS!B:B,A9,ASSESSMENTS!E:E,"Accounting"),1),"")) | K9: =IF(A9="","",IFERROR(ROUND(AVERAGEIFS(ASSESSMENTS!H:H,ASSESSMENTS!B:B,A9,ASSESSMENTS!E:E,"English"),1),"")) | L9: =IF(A9="","",IFERROR(_xludf.XLOOKUP(A9,ATTENDANCE_SUMMARY!A:A,ATTENDANCE_SUMMARY!G:G,""),"")) | M9: =IF(A9="","",IF(OR(E9<50,AND(L9<0.75,L9<>"" )),"At Risk","On Track"))
A10: =IF(MASTER_REGISTER!E10="","",MASTER_REGISTER!E10) | B10: =IF(A10="","",MASTER_REGISTER!F10) | C10: =IF(A10="","",MASTER_REGISTER!C10) | D10: =IF(A10="","",COUNTIF(ASSESSMENTS!B:B,A10)) | E10: =IF(D10=0,"",ROUND(AVERAGEIF(ASSESSMENTS!B:B,A10,ASSESSMENTS!H:H),1)) | F10: =IF(A10="","",IFERROR(ROUND(AVERAGEIFS(ASSESSMENTS!H:H,ASSESSMENTS!B:B,A10,ASSESSMENTS!E:E,"Mathematics"),1),"")) | G10: =IF(A10="","",IFERROR(ROUND(AVERAGEIFS(ASSESSMENTS!H:H,ASSESSMENTS!B:B,A10,ASSESSMENTS!E:E,"Mathematical Literacy"),1),"")) | H10: =IF(A10="","",IFERROR(ROUND(AVERAGEIFS(ASSESSMENTS!H:H,ASSESSMENTS!B:B,A10,ASSESSMENTS!E:E,"Physical Sciences"),1),"")) | I10: =IF(A10="","",IFERROR(ROUND(AVERAGEIFS(ASSESSMENTS!H:H,ASSESSMENTS!B:B,A10,ASSESSMENTS!E:E,"Geography"),1),"")) | J10: =IF(A10="","",IFERROR(ROUND(AVERAGEIFS(ASSESSMENTS!H:H,ASSESSMENTS!B:B,A10,ASSESSMENTS!E:E,"Accounting"),1),"")) | K10: =IF(A10="","",IFERROR(ROUND(AVERAGEIFS(ASSESSMENTS!H:H,ASSESSMENTS!B:B,A10,ASSESSMENTS!E:E,"English"),1),"")) | L10: =IF(A10="","",IFERROR(_xludf.XLOOKUP(A10,ATTENDANCE_SUMMARY!A:A,ATTENDANCE_SUMMARY!G:G,""),"")) | M10: =IF(A10="","",IF(OR(E10<50,AND(L10<0.75,L10<>"" )),"At Risk","On Track"))
A11: =IF(MASTER_REGISTER!E11="","",MASTER_REGISTER!E11) | B11: =IF(A11="","",MASTER_REGISTER!F11) | C11: =IF(A11="","",MASTER_REGISTER!C11) | D11: =IF(A11="","",COUNTIF(ASSESSMENTS!B:B,A11)) | E11: =IF(D11=0,"",ROUND(AVERAGEIF(ASSESSMENTS!B:B,A11,ASSESSMENTS!H:H),1)) | F11: =IF(A11="","",IFERROR(ROUND(AVERAGEIFS(ASSESSMENTS!H:H,ASSESSMENTS!B:B,A11,ASSESSMENTS!E:E,"Mathematics"),1),"")) | G11: =IF(A11="","",IFERROR(ROUND(AVERAGEIFS(ASSESSMENTS!H:H,ASSESSMENTS!B:B,A11,ASSESSMENTS!E:E,"Mathematical Literacy"),1),"")) | H11: =IF(A11="","",IFERROR(ROUND(AVERAGEIFS(ASSESSMENTS!H:H,ASSESSMENTS!B:B,A11,ASSESSMENTS!E:E,"Physical Sciences"),1),"")) | I11: =IF(A11="","",IFERROR(ROUND(AVERAGEIFS(ASSESSMENTS!H:H,ASSESSMENTS!B:B,A11,ASSESSMENTS!E:E,"Geography"),1),"")) | J11: =IF(A11="","",IFERROR(ROUND(AVERAGEIFS(ASSESSMENTS!H:H,ASSESSMENTS!B:B,A11,ASSESSMENTS!E:E,"Accounting"),1),"")) | K11: =IF(A11="","",IFERROR(ROUND(AVERAGEIFS(ASSESSMENTS!H:H,ASSESSMENTS!B:B,A11,ASSESSMENTS!E:E,"English"),1),"")) | L11: =IF(A11="","",IFERROR(_xludf.XLOOKUP(A11,ATTENDANCE_SUMMARY!A:A,ATTENDANCE_SUMMARY!G:G,""),"")) | M11: =IF(A11="","",IF(OR(E11<50,AND(L11<0.75,L11<>"" )),"At Risk","On Track"))
A12: =IF(MASTER_REGISTER!E12="","",MASTER_REGISTER!E12) | B12: =IF(A12="","",MASTER_REGISTER!F12) | C12: =IF(A12="","",MASTER_REGISTER!C12) | D12: =IF(A12="","",COUNTIF(ASSESSMENTS!B:B,A12)) | E12: =IF(D12=0,"",ROUND(AVERAGEIF(ASSESSMENTS!B:B,A12,ASSESSMENTS!H:H),1)) | F12: =IF(A12="","",IFERROR(ROUND(AVERAGEIFS(ASSESSMENTS!H:H,ASSESSMENTS!B:B,A12,ASSESSMENTS!E:E,"Mathematics"),1),"")) | G12: =IF(A12="","",IFERROR(ROUND(AVERAGEIFS(ASSESSMENTS!H:H,ASSESSMENTS!B:B,A12,ASSESSMENTS!E:E,"Mathematical Literacy"),1),"")) | H12: =IF(A12="","",IFERROR(ROUND(AVERAGEIFS(ASSESSMENTS!H:H,ASSESSMENTS!B:B,A12,ASSESSMENTS!E:E,"Physical Sciences"),1),"")) | I12: =IF(A12="","",IFERROR(ROUND(AVERAGEIFS(ASSESSMENTS!H:H,ASSESSMENTS!B:B,A12,ASSESSMENTS!E:E,"Geography"),1),"")) | J12: =IF(A12="","",IFERROR(ROUND(AVERAGEIFS(ASSESSMENTS!H:H,ASSESSMENTS!B:B,A12,ASSESSMENTS!E:E,"Accounting"),1),"")) | K12: =IF(A12="","",IFERROR(ROUND(AVERAGEIFS(ASSESSMENTS!H:H,ASSESSMENTS!B:B,A12,ASSESSMENTS!E:E,"English"),1),"")) | L12: =IF(A12="","",IFERROR(_xludf.XLOOKUP(A12,ATTENDANCE_SUMMARY!A:A,ATTENDANCE_SUMMARY!G:G,""),"")) | M12: =IF(A12="","",IF(OR(E12<50,AND(L12<0.75,L12<>"" )),"At Risk","On Track"))
A13: =IF(MASTER_REGISTER!E13="","",MASTER_REGISTER!E13) | B13: =IF(A13="","",MASTER_REGISTER!F13) | C13: =IF(A13="","",MASTER_REGISTER!C13) | D13: =IF(A13="","",COUNTIF(ASSESSMENTS!B:B,A13)) | E13: =IF(D13=0,"",ROUND(AVERAGEIF(ASSESSMENTS!B:B,A13,ASSESSMENTS!H:H),1)) | F13: =IF(A13="","",IFERROR(ROUND(AVERAGEIFS(ASSESSMENTS!H:H,ASSESSMENTS!B:B,A13,ASSESSMENTS!E:E,"Mathematics"),1),"")) | G13: =IF(A13="","",IFERROR(ROUND(AVERAGEIFS(ASSESSMENTS!H:H,ASSESSMENTS!B:B,A13,ASSESSMENTS!E:E,"Mathematical Literacy"),1),"")) | H13: =IF(A13="","",IFERROR(ROUND(AVERAGEIFS(ASSESSMENTS!H:H,ASSESSMENTS!B:B,A13,ASSESSMENTS!E:E,"Physical Sciences"),1),"")) | I13: =IF(A13="","",IFERROR(ROUND(AVERAGEIFS(ASSESSMENTS!H:H,ASSESSMENTS!B:B,A13,ASSESSMENTS!E:E,"Geography"),1),"")) | J13: =IF(A13="","",IFERROR(ROUND(AVERAGEIFS(ASSESSMENTS!H:H,ASSESSMENTS!B:B,A13,ASSESSMENTS!E:E,"Accounting"),1),"")) | K13: =IF(A13="","",IFERROR(ROUND(AVERAGEIFS(ASSESSMENTS!H:H,ASSESSMENTS!B:B,A13,ASSESSMENTS!E:E,"English"),1),"")) | L13: =IF(A13="","",IFERROR(_xludf.XLOOKUP(A13,ATTENDANCE_SUMMARY!A:A,ATTENDANCE_SUMMARY!G:G,""),"")) | M13: =IF(A13="","",IF(OR(E13<50,AND(L13<0.75,L13<>"" )),"At Risk","On Track"))
... A501: =IF(MASTER_REGISTER!E501="","",MASTER_REGISTER!E501) | B501: =IF(A501="","",MASTER_REGISTER!F501) | C501: =IF(A501="","",MASTER_REGISTER!C501) | D501: =IF(A501="","",COUNTIF(ASSESSMENTS!B:B,A501)) | E501: =IF(D501=0,"",ROUND(AVERAGEIF(ASSESSMENTS!B:B,A501,ASSESSMENTS!H:H),1)) | F501: =IF(A501="","",IFERROR(ROUND(AVERAGEIFS(ASSESSMENTS!H:H,ASSESSMENTS!B:B,A501,ASSESSMENTS!E:E,"Mathematics"),1),"")) | G501: =IF(A501="","",IFERROR(ROUND(AVERAGEIFS(ASSESSMENTS!H:H,ASSESSMENTS!B:B,A501,ASSESSMENTS!E:E,"Mathematical Literacy"),1),"")) | H501: =IF(A501="","",IFERROR(ROUND(AVERAGEIFS(ASSESSMENTS!H:H,ASSESSMENTS!B:B,A501,ASSESSMENTS!E:E,"Physical Sciences"),1),"")) | I501: =IF(A501="","",IFERROR(ROUND(AVERAGEIFS(ASSESSMENTS!H:H,ASSESSMENTS!B:B,A501,ASSESSMENTS!E:E,"Geography"),1),"")) | J501: =IF(A501="","",IFERROR(ROUND(AVERAGEIFS(ASSESSMENTS!H:H,ASSESSMENTS!B:B,A501,ASSESSMENTS!E:E,"Accounting"),1),"")) | K501: =IF(A501="","",IFERROR(ROUND(AVERAGEIFS(ASSESSMENTS!H:H,ASSESSMENTS!B:B,A501,ASSESSMENTS!E:E,"English"),1),"")) | L501: =IF(A501="","",IFERROR(_xludf.XLOOKUP(A501,ATTENDANCE_SUMMARY!A:A,ATTENDANCE_SUMMARY!G:G,""),"")) | M501: =IF(A501="","",IF(OR(E501<50,AND(L501<0.75,L501<>"" )),"At Risk","On Track"))

Sheet REPORT_TEMPLATE
A1: Math & Sciences Hub – Learner Progress Report
A3: Enter Student Number:
A4: Learner Name: | B4: =IFERROR(_xludf.XLOOKUP($B$3,PROGRESS_SUMMARY!A:A,PROGRESS_SUMMARY!B:B,""),"")
A5: Grade: | B5: =IFERROR(_xludf.XLOOKUP($B$3,PROGRESS_SUMMARY!A:A,PROGRESS_SUMMARY!C:C,""),"")
A6: Report Period:
A7: Attendance %: | B7: =IFERROR(_xludf.XLOOKUP($B$3,PROGRESS_SUMMARY!A:A,PROGRESS_SUMMARY!L:L,""),"")
A8: Overall Average (%): | B8: =IFERROR(_xludf.XLOOKUP($B$3,PROGRESS_SUMMARY!A:A,PROGRESS_SUMMARY!E:E,""),"")
A9: Progress Status: | B9: =IFERROR(_xludf.XLOOKUP($B$3,PROGRESS_SUMMARY!A:A,PROGRESS_SUMMARY!M:M,""),"")
A11: Subject | B11: Average (%)
A12: Mathematics | B12: =IF($B$3="","",IFERROR(_xludf.XLOOKUP($B$3,PROGRESS_SUMMARY!A:A,PROGRESS_SUMMARY!F:F,""),""))
A13: Mathematical Literacy | B13: =IF($B$3="","",IFERROR(_xludf.XLOOKUP($B$3,PROGRESS_SUMMARY!A:A,PROGRESS_SUMMARY!G:G,""),""))
A14: Physical Sciences | B14: =IF($B$3="","",IFERROR(_xludf.XLOOKUP($B$3,PROGRESS_SUMMARY!A:A,PROGRESS_SUMMARY!H:H,""),""))
A15: Geography | B15: =IF($B$3="","",IFERROR(_xludf.XLOOKUP($B$3,PROGRESS_SUMMARY!A:A,PROGRESS_SUMMARY!I:I,""),""))
A16: Accounting | B16: =IF($B$3="","",IFERROR(_xludf.XLOOKUP($B$3,PROGRESS_SUMMARY!A:A,PROGRESS_SUMMARY!J:J,""),""))
A17: English | B17: =IF($B$3="","",IFERROR(_xludf.XLOOKUP($B$3,PROGRESS_SUMMARY!A:A,PROGRESS_SUMMARY!K:K,""),""))
A20: Tutor Notes:

Sheet TUTOR_REGISTER
A1: Tutor Name | B1: ID Number | C1: Contact Number | D1: Email | E1: Subject Specialty | F1: Highest Qualification | G1: University/Institution | H1: Status (Active/Inactive)

Sheet LESSON_PLANS
A1: Session Date | B1: Grade | C1: Subject | D1: Tutor Name | E1: Topic Covered | F1: CAPS Reference | G1: Homework Given? | H1: Resources Used | I1: Submitted? | J1: Remarks

Sheet TIMETABLE
A1: Math & Sciences Hub – Saturday Timetable
A2: Time Slot | B2: Classroom 1 | C2: Classroom 2 | D2: Classroom 3 | E2: Classroom 4 | F2: Classroom 5
A3: 07:00 – 08:00
A4: 08:00 – 09:00
A5: 09:00 – 10:00
A6: 10:00 – 11:00
A7: 11:00 – 12:00
A8: 12:00 – 13:00 (Lunch)
A9: 13:00 – 14:00
A10: 14:00 – 15:00
