Workbook

Sheet ADMIN_DASHBOARD
A1: Math & Sciences Hub – Admin Dashboard
A2: Overview
A4: Total Registered Learners | E4: Active Learners
A5: =COUNTIF(MASTER_REGISTER!E:E,"MSH*") | E5: =COUNTIFS(MASTER_REGISTER!E:E,"MSH*",MASTER_REGISTER!K:K,"Active")
A7: Total Fees Billed (R) | E7: Total Paid (R)
A8: =SUM(MASTER_REGISTER!J:J) | E8: =SUM(MASTER_REGISTER!L:L)
A10: Total Outstanding (R) | E10: Collection Rate
A11: =SUM(MASTER_REGISTER!M:M) | E11: =IFERROR(D5/C5,0)
A13: Avg Attendance % | E13: Avg Assessment Score %
A14: =IFERROR(AVERAGEIF(ATTENDANCE_SUMMARY!G:G,">0"),0) | E14: =IFERROR(AVERAGEIF(PROGRESS_SUMMARY!E:E,">0"),0)
A18: Exports
A19: Use the EXPORTS sheet to copy/paste or save as CSV/XLSX for reporting.
A20: Tip: Filter the EXPORTS tables first, then Export/Save As.

Sheet EXPORTS
A1: Math & Sciences Hub – Exports
A3: EXPORT: Learners
A4: Student Number | B4: Full Name | C4: Grade | D4: Phone | E4: Email | F4: Package | G4: Total Fee | H4: Amount Paid | I4: Balance | J4: Payment Status
A5: =IF(MASTER_REGISTER!E2="","",MASTER_REGISTER!E2) | B5: =IF($A5="","",MASTER_REGISTER!F2) | C5: =IF($A5="","",MASTER_REGISTER!C2) | D5: =IF($A5="","",MASTER_REGISTER!H2) | E5: =IF($A5="","",MASTER_REGISTER!G2) | F5: =IF($A5="","",MASTER_REGISTER!I2) | G5: =IF($A5="","",MASTER_REGISTER!J2) | H5: =IF($A5="","",MASTER_REGISTER!L2) | I5: =IF($A5="","",MASTER_REGISTER!M2) | J5: =IF($A5="","",MASTER_REGISTER!N2)
A6: =IF(MASTER_REGISTER!E3="","",MASTER_REGISTER!E3) | B6: =IF($A6="","",MASTER_REGISTER!F3) | C6: =IF($A6="","",MASTER_REGISTER!C3) | D6: =IF($A6="","",MASTER_REGISTER!H3) | E6: =IF($A6="","",MASTER_REGISTER!G3) | F6: =IF($A6="","",MASTER_REGISTER!I3) | G6: =IF($A6="","",MASTER_REGISTER!J3) | H6: =IF($A6="","",MASTER_REGISTER!L3) | I6: =IF($A6="","",MASTER_REGISTER!M3) | J6: =IF($A6="","",MASTER_REGISTER!N3)
A7: =IF(MASTER_REGISTER!E4="","",MASTER_REGISTER!E4) | B7: =IF($A7="","",MASTER_REGISTER!F4) | C7: =IF($A7="","",MASTER_REGISTER!C4) | D7: =IF($A7="","",MASTER_REGISTER!H4) | E7: =IF($A7="","",MASTER_REGISTER!G4) | F7: =IF($A7="","",MASTER_REGISTER!I4) | G7: =IF($A7="","",MASTER_REGISTER!J4) | H7: =IF($A7="","",MASTER_REGISTER!L4) | I7: =IF($A7="","",MASTER_REGISTER!M4) | J7: =IF($A7="","",MASTER_REGISTER!N4)
A8: =IF(MASTER_REGISTER!E5="","",MASTER_REGISTER!E5) | B8: =IF($A8="","",MASTER_REGISTER!F5) | C8: =IF($A8="","",MASTER_REGISTER!C5) | D8: =IF($A8="","",MASTER_REGISTER!H5) | E8: =IF($A8="","",MASTER_REGISTER!G5) | F8: =IF($A8="","",MASTER_REGISTER!I5) | G8: =IF($A8="","",MASTER_REGISTER!J5) | H8: =IF($A8="","",MASTER_REGISTER!L5) | I8: =IF($A8="","",MASTER_REGISTER!M5) | J8: =IF($A8="","",MASTER_REGISTER!N5)
A9: =IF(MASTER_REGISTER!E6="","",MASTER_REGISTER!E6) | B9: =IF($A9="","",MASTER_REGISTER!F6) | C9: =IF($A9="","",MASTER_REGISTER!C6) | D9: =IF($A9="","",MASTER_REGISTER!H6) | E9: =IF($A9="","",MASTER_REGISTER!G6) | F9: =IF($A9="","",MASTER_REGISTER!I6) | G9: =IF($A9="","",MASTER_REGISTER!J6) | H9: =IF($A9="","",MASTER_REGISTER!L6) | I9: =IF($A9="","",MASTER_REGISTER!M6) | J9: =IF($A9="","",MASTER_REGISTER!N6)
A10: =IF(MASTER_REGISTER!E7="","",MASTER_REGISTER!E7) | B10: =IF($A10="","",MASTER_REGISTER!F7) | C10: =IF($A10="","",MASTER_REGISTER!C7) | D10: =IF($A10="","",MASTER_REGISTER!H7) | E10: =IF($A10="","",MASTER_REGISTER!G7) | F10: =IF($A10="","",MASTER_REGISTER!I7) | G10: =IF($A10="","",MASTER_REGISTER!J7) | H10: =IF($A10="","",MASTER_REGISTER!L7) | I10: =IF($A10="","",MASTER_REGISTER!M7) | J10: =IF($A10="","",MASTER_REGISTER!N7)
A11: =IF(MASTER_REGISTER!E8="","",MASTER_REGISTER!E8) | B11: =IF($A11="","",MASTER_REGISTER!F8) | C11: =IF($A11="","",MASTER_REGISTER!C8) | D11: =IF($A11="","",MASTER_REGISTER!H8) | E11: =IF($A11="","",MASTER_REGISTER!G8) | F11: =IF($A11="","",MASTER_REGISTER!I8) | G11: =IF($A11="","",MASTER_REGISTER!J8) | H11: =IF($A11="","",MASTER_REGISTER!L8) | I11: =IF($A11="","",MASTER_REGISTER!M8) | J11: =IF($A11="","",MASTER_REGISTER!N8)
A12: =IF(MASTER_REGISTER!E9="","",MASTER_REGISTER!E9) | B12: =IF($A12="","",MASTER_REGISTER!F9) | C12: =IF($A12="","",MASTER_REGISTER!C9) | D12: =IF($A12="","",MASTER_REGISTER!H9) | E12: =IF($A12="","",MASTER_REGISTER!G9) | F12: =IF($A12="","",MASTER_REGISTER!I9) | G12: =IF($A12="","",MASTER_REGISTER!J9) | H12: =IF($A12="","",MASTER_REGISTER!L9) | I12: =IF($A12="","",MASTER_REGISTER!M9) | J12: =IF($A12="","",MASTER_REGISTER!N9)
A13: =IF(MASTER_REGISTER!E10="","",MASTER_REGISTER!E10) | B13: =IF($A13="","",MASTER_REGISTER!F10) | C13: =IF($A13="","",MASTER_REGISTER!C10) | D13: =IF($A13="","",MASTER_REGISTER!H10) | E13: =IF($A13="","",MASTER_REGISTER!G10) | F13: =IF($A13="","",MASTER_REGISTER!I10) | G13: =IF($A13="","",MASTER_REGISTER!J10) | H13: =IF($A13="","",MASTER_REGISTER!L10) | I13: =IF($A13="","",MASTER_REGISTER!M10) | J13: =IF($A13="","",MASTER_REGISTER!N10)
A14: =IF(MASTER_REGISTER!E11="","",MASTER_REGISTER!E11) | B14: =IF($A14="","",MASTER_REGISTER!F11) | C14: =IF($A14="","",MASTER_REGISTER!C11) | D14: =IF($A14="","",MASTER_REGISTER!H11) | E14: =IF($A14="","",MASTER_REGISTER!G11) | F14: =IF($A14="","",MASTER_REGISTER!I11) | G14: =IF($A14="","",MASTER_REGISTER!J11) | H14: =IF($A14="","",MASTER_REGISTER!L11) | I14: =IF($A14="","",MASTER_REGISTER!M11) | J14: =IF($A14="","",MASTER_REGISTER!N11)
A15: =IF(MASTER_REGISTER!E12="","",MASTER_REGISTER!E12) | B15: =IF($A15="","",MASTER_REGISTER!F12) | C15: =IF($A15="","",MASTER_REGISTER!C12) | D15: =IF($A15="","",MASTER_REGISTER!H12) | E15: =IF($A15="","",MASTER_REGISTER!G12) | F15: =IF($A15="","",MASTER_REGISTER!I12) | G15: =IF($A15="","",MASTER_REGISTER!J12) | H15: =IF($A15="","",MASTER_REGISTER!L12) | I15: =IF($A15="","",MASTER_REGISTER!M12) | J15: =IF($A15="","",MASTER_REGISTER!N12)
A16: =IF(MASTER_REGISTER!E13="","",MASTER_REGISTER!E13) | B16: =IF($A16="","",MASTER_REGISTER!F13) | C16: =IF($A16="","",MASTER_REGISTER!C13) | D16: =IF($A16="","",MASTER_REGISTER!H13) | E16: =IF($A16="","",MASTER_REGISTER!G13) | F16: =IF($A16="","",MASTER_REGISTER!I13) | G16: =IF($A16="","",MASTER_REGISTER!J13) | H16: =IF($A16="","",MASTER_REGISTER!L13) | I16: =IF($A16="","",MASTER_REGISTER!M13) | J16: =IF($A16="","",MASTER_REGISTER!N13)
... A504: =IF(MASTER_REGISTER!E501="","",MASTER_REGISTER!E501) | B504: =IF($A504="","",MASTER_REGISTER!F501) | C504: =IF($A504="","",MASTER_REGISTER!C501) | D504: =IF($A504="","",MASTER_REGISTER!H501) | E504: =IF($A504="","",MASTER_REGISTER!G501) | F504: =IF($A504="","",MASTER_REGISTER!I501) | G504: =IF($A504="","",MASTER_REGISTER!J501) | H504: =IF($A504="","",MASTER_REGISTER!L501) | I504: =IF($A504="","",MASTER_REGISTER!M501) | J504: =IF($A504="","",MASTER_REGISTER!N501)
A506: EXPORT: Payments
A507: Payment Date | B507: Receipt/Ref | C507: Student Number | D507: Payer Name | E507: Amount Paid (R) | F507: Method | G507: Notes
A508: =IF(PAYMENTS!A1="","",PAYMENTS!A1) | B508: =IF($A508="","",PAYMENTS!B1) | C508: =IF($A508="","",PAYMENTS!C1) | D508: =IF($A508="","",PAYMENTS!D1) | E508: =IF($A508="","",PAYMENTS!E1) | F508: =IF($A508="","",PAYMENTS!F1) | G508: =IF($A508="","",PAYMENTS!G1)
A509: =IF(PAYMENTS!A2="","",PAYMENTS!A2) | B509: =IF($A509="","",PAYMENTS!B2) | C509: =IF($A509="","",PAYMENTS!C2) | D509: =IF($A509="","",PAYMENTS!D2) | E509: =IF($A509="","",PAYMENTS!E2) | F509: =IF($A509="","",PAYMENTS!F2) | G509: =IF($A509="","",PAYMENTS!G2)
A510: =IF(PAYMENTS!A3="","",PAYMENTS!A3) | B510: =IF($A510="","",PAYMENTS!B3) | C510: =IF($A510="","",PAYMENTS!C3) | D510: =IF($A510="","",PAYMENTS!D3) | E510: =IF($A510="","",PAYMENTS!E3) | F510: =IF($A510="","",PAYMENTS!F3) | G510: =IF($A510="","",PAYMENTS!G3)
A511: =IF(PAYMENTS!A4="","",PAYMENTS!A4) | B511: =IF($A511="","",PAYMENTS!B4) | C511: =IF($A511="","",PAYMENTS!C4) | D511: =IF($A511="","",PAYMENTS!D4) | E511: =IF($A511="","",PAYMENTS!E4) | F511: =IF($A511="","",PAYMENTS!F4) | G511: =IF($A511="","",PAYMENTS!G4)
A512: =IF(PAYMENTS!A5="","",PAYMENTS!A5) | B512: =IF($A512="","",PAYMENTS!B5) | C512: =IF($A512="","",PAYMENTS!C5) | D512: =IF($A512="","",PAYMENTS!D5) | E512: =IF($A512="","",PAYMENTS!E5) | F512: =IF($A512="","",PAYMENTS!F5) | G512: =IF($A512="","",PAYMENTS!G5)
A513: =IF(PAYMENTS!A6="","",PAYMENTS!A6) | B513: =IF($A513="","",PAYMENTS!B6) | C513: =IF($A513="","",PAYMENTS!C6) | D513: =IF($A513="","",PAYMENTS!D6) | E513: =IF($A513="","",PAYMENTS!E6) | F513: =IF($A513="","",PAYMENTS!F6) | G513: =IF($A513="","",PAYMENTS!G6)
A514: =IF(PAYMENTS!A7="","",PAYMENTS!A7) | B514: =IF($A514="","",PAYMENTS!B7) | C514: =IF($A514="","",PAYMENTS!C7) | D514: =IF($A514="","",PAYMENTS!D7) | E514: =IF($A514="","",PAYMENTS!E7) | F514: =IF($A514="","",PAYMENTS!F7) | G514: =IF($A514="","",PAYMENTS!G7)
A515: =IF(PAYMENTS!A8="","",PAYMENTS!A8) | B515: =IF($A515="","",PAYMENTS!B8) | C515: =IF($A515="","",PAYMENTS!C8) | D515: =IF($A515="","",PAYMENTS!D8) | E515: =IF($A515="","",PAYMENTS!E8) | F515: =IF($A515="","",PAYMENTS!F8) | G515: =IF($A515="","",PAYMENTS!G8)
A516: =IF(PAYMENTS!A9="","",PAYMENTS!A9) | B516: =IF($A516="","",PAYMENTS!B9) | C516: =IF($A516="","",PAYMENTS!C9) | D516: =IF($A516="","",PAYMENTS!D9) | E516: =IF($A516="","",PAYMENTS!E9) | F516: =IF($A516="","",PAYMENTS!F9) | G516: =IF($A516="","",PAYMENTS!G9)
A517: =IF(PAYMENTS!A10="","",PAYMENTS!A10) | B517: =IF($A517="","",PAYMENTS!B10) | C517: =IF($A517="","",PAYMENTS!C10) | D517: =IF($A517="","",PAYMENTS!D10) | E517: =IF($A517="","",PAYMENTS!E10) | F517: =IF($A517="","",PAYMENTS!F10) | G517: =IF($A517="","",PAYMENTS!G10)
A518: =IF(PAYMENTS!A11="","",PAYMENTS!A11) | B518: =IF($A518="","",PAYMENTS!B11) | C518: =IF($A518="","",PAYMENTS!C11) | D518: =IF($A518="","",PAYMENTS!D11) | E518: =IF($A518="","",PAYMENTS!E11) | F518: =IF($A518="","",PAYMENTS!F11) | G518: =IF($A518="","",PAYMENTS!G11)
A519: =IF(PAYMENTS!A12="","",PAYMENTS!A12) | B519: =IF($A519="","",PAYMENTS!B12) | C519: =IF($A519="","",PAYMENTS!C12) | D519: =IF($A519="","",PAYMENTS!D12) | E519: =IF($A519="","",PAYMENTS!E12) | F519: =IF($A519="","",PAYMENTS!F12) | G519: =IF($A519="","",PAYMENTS!G12)
... A1007: =IF(PAYMENTS!A500="","",PAYMENTS!A500) | B1007: =IF($A1007="","",PAYMENTS!B500) | C1007: =IF($A1007="","",PAYMENTS!C500) | D1007: =IF($A1007="","",PAYMENTS!D500) | E1007: =IF($A1007="","",PAYMENTS!E500) | F1007: =IF($A1007="","",PAYMENTS!F500) | G1007: =IF($A1007="","",PAYMENTS!G500)

Sheet MASTER_REGISTER
A1: Registration Date | B1: Year | C1: Grade | D1: Applicant Sequence | E1: Student Number | F1: Full Name | G1: Email | H1: Phone | I1: Package Name | J1: Total Fee | K1: Status | L1: Amount Paid (R) | M1: Balance (R) | N1: Payment Status | O1: Last Payment Date
L2: =IF(E2="","",SUMIF(PAYMENTS!C:C,E2,PAYMENTS!E:E)) | M2: =IF(E2="","",J2-L2) | N2: =IF(E2="","",IF(M2<=0,"Paid",IF(L2>0,"Part Paid","Unpaid"))) | O2: =IF(E2="","",IFERROR(MAXIFS(PAYMENTS!A:A,PAYMENTS!C:C,E2),""))
L3: =IF(E3="","",SUMIF(PAYMENTS!C:C,E3,PAYMENTS!E:E)) | M3: =IF(E3="","",J3-L3) | N3: =IF(E3="","",IF(M3<=0,"Paid",IF(L3>0,"Part Paid","Unpaid"))) | O3: =IF(E3="","",IFERROR(MAXIFS(PAYMENTS!A:A,PAYMENTS!C:C,E3),""))
L4: =IF(E4="","",SUMIF(PAYMENTS!C:C,E4,PAYMENTS!E:E)) | M4: =IF(E4="","",J4-L4) | N4: =IF(E4="","",IF(M4<=0,"Paid",IF(L4>0,"Part Paid","Unpaid"))) | O4: =IF(E4="","",IFERROR(MAXIFS(PAYMENTS!A:A,PAYMENTS!C:C,E4),""))
L5: =IF(E5="","",SUMIF(PAYMENTS!C:C,E5,PAYMENTS!E:E)) | M5: =IF(E5="","",J5-L5) | N5: =IF(E5="","",IF(M5<=0,"Paid",IF(L5>0,"Part Paid","Unpaid"))) | O5: =IF(E5="","",IFERROR(MAXIFS(PAYMENTS!A:A,PAYMENTS!C:C,E5),""))
L6: =IF(E6="","",SUMIF(PAYMENTS!C:C,E6,PAYMENTS!E:E)) | M6: =IF(E6="","",J6-L6) | N6: =IF(E6="","",IF(M6<=0,"Paid",IF(L6>0,"Part Paid","Unpaid"))) | O6: =IF(E6="","",IFERROR(MAXIFS(PAYMENTS!A:A,PAYMENTS!C:C,E6),""))
L7: =IF(E7="","",SUMIF(PAYMENTS!C:C,E7,PAYMENTS!E:E)) | M7: =IF(E7="","",J7-L7) | N7: =IF(E7="","",IF(M7<=0,"Paid",IF(L7>0,"Part Paid","Unpaid"))) | O7: =IF(E7="","",IFERROR(MAXIFS(PAYMENTS!A:A,PAYMENTS!C:C,E7),""))
L8: =IF(E8="","",SUMIF(PAYMENTS!C:C,E8,PAYMENTS!E:E)) | M8: =IF(E8="","",J8-L8) | N8: =IF(E8="","",IF(M8<=0,"Paid",IF(L8>0,"Part Paid","Unpaid"))) | O8: =IF(E8="","",IFERROR(MAXIFS(PAYMENTS!A:A,PAYMENTS!C:C,E8),""))
L9: =IF(E9="","",SUMIF(PAYMENTS!C:C,E9,PAYMENTS!E:E)) | M9: =IF(E9="","",J9-L9) | N9: =IF(E9="","",IF(M9<=0,"Paid",IF(L9>0,"Part Paid","Unpaid"))) | O9: =IF(E9="","",IFERROR(MAXIFS(PAYMENTS!A:A,PAYMENTS!C:C,E9),""))
L10: =IF(E10="","",SUMIF(PAYMENTS!C:C,E10,PAYMENTS!E:E)) | M10: =IF(E10="","",J10-L10) | N10: =IF(E10="","",IF(M10<=0,"Paid",IF(L10>0,"Part Paid","Unpaid"))) | O10: =IF(E10="","",IFERROR(MAXIFS(PAYMENTS!A:A,PAYMENTS!C:C,E10),""))
L11: =IF(E11="","",SUMIF(PAYMENTS!C:C,E11,PAYMENTS!E:E)) | M11: =IF(E11="","",J11-L11) | N11: =IF(E11="","",IF(M11<=0,"Paid",IF(L11>0,"Part Paid","Unpaid"))) | O11: =IF(E11="","",IFERROR(MAXIFS(PAYMENTS!A:A,PAYMENTS!C:C,E11),""))
L12: =IF(E12="","",SUMIF(PAYMENTS!C:C,E12,PAYMENTS!E:E)) | M12: =IF(E12="","",J12-L12) | N12: =IF(E12="","",IF(M12<=0,"Paid",IF(L12>0,"Part Paid","Unpaid"))) | O12: =IF(E12="","",IFERROR(MAXIFS(PAYMENTS!A:A,PAYMENTS!C:C,E12),""))
L13: =IF(E13="","",SUMIF(PAYMENTS!C:C,E13,PAYMENTS!E:E)) | M13: =IF(E13="","",J13-L13) | N13: =IF(E13="","",IF(M13<=0,"Paid",IF(L13>0,"Part Paid","Unpaid"))) | O13: =IF(E13="","",IFERROR(MAXIFS(PAYMENTS!A:A,PAYMENTS!C:C,E13),""))
... L1000: =IF(E1000="","",SUMIF(PAYMENTS!C:C,E1000,PAYMENTS!E:E)) | M1000: =IF(E1000="","",J1000-L1000) | N1000: =IF(E1000="","",IF(M1000<=0,"Paid",IF(L1000>0,"Part Paid","Unpaid"))) | O1000: =IF(E1000="","",IFERROR(MAXIFS(PAYMENTS!A:A,PAYMENTS!C:C,E1000),""))

Sheet AUTO_IMPORT
A1: Registration Date | B1: Year | C1: Grade | D1: Applicant Sequence | E1: Student Number | F1: Full Name | G1: Email | H1: Phone | I1: Package Name | J1: Total Fee

Sheet ATTENDANCE_DAILY
A1: Session Date | B1: Grade (auto) | C1: Student Number | D1: Learner Name (auto) | E1: Present? | F1: Arrival Time | G1: Departure Time | H1: Reason (if absent) | I1: Notes
B2: =IFERROR(XLOOKUP(C2,MASTER_REGISTER!E:E,MASTER_REGISTER!C:C,""),"") | D2: =IFERROR(XLOOKUP(C2,MASTER_REGISTER!E:E,MASTER_REGISTER!F:F,""),"")
B3: =IFERROR(XLOOKUP(C3,MASTER_REGISTER!E:E,MASTER_REGISTER!C:C,""),"") | D3: =IFERROR(XLOOKUP(C3,MASTER_REGISTER!E:E,MASTER_REGISTER!F:F,""),"")
B4: =IFERROR(XLOOKUP(C4,MASTER_REGISTER!E:E,MASTER_REGISTER!C:C,""),"") | D4: =IFERROR(XLOOKUP(C4,MASTER_REGISTER!E:E,MASTER_REGISTER!F:F,""),"")
B5: =IFERROR(XLOOKUP(C5,MASTER_REGISTER!E:E,MASTER_REGISTER!C:C,""),"") | D5: =IFERROR(XLOOKUP(C5,MASTER_REGISTER!E:E,MASTER_REGISTER!F:F,""),"")
B6: =IFERROR(XLOOKUP(C6,MASTER_REGISTER!E:E,MASTER_REGISTER!C:C,""),"") | D6: =IFERROR(XLOOKUP(C6,MASTER_REGISTER!E:E,MASTER_REGISTER!F:F,""),"")
B7: =IFERROR(XLOOKUP(C7,MASTER_REGISTER!E:E,MASTER_REGISTER!C:C,""),"") | D7: =IFERROR(XLOOKUP(C7,MASTER_REGISTER!E:E,MASTER_REGISTER!F:F,""),"")
B8: =IFERROR(XLOOKUP(C8,MASTER_REGISTER!E:E,MASTER_REGISTER!C:C,""),"") | D8: =IFERROR(XLOOKUP(C8,MASTER_REGISTER!E:E,MASTER_REGISTER!F:F,""),"")
B9: =IFERROR(XLOOKUP(C9,MASTER_REGISTER!E:E,MASTER_REGISTER!C:C,""),"") | D9: =IFERROR(XLOOKUP(C9,MASTER_REGISTER!E:E,MASTER_REGISTER!F:F,""),"")
B10: =IFERROR(XLOOKUP(C10,MASTER_REGISTER!E:E,MASTER_REGISTER!C:C,""),"") | D10: =IFERROR(XLOOKUP(C10,MASTER_REGISTER!E:E,MASTER_REGISTER!F:F,""),"")
B11: =IFERROR(XLOOKUP(C11,MASTER_REGISTER!E:E,MASTER_REGISTER!C:C,""),"") | D11: =IFERROR(XLOOKUP(C11,MASTER_REGISTER!E:E,MASTER_REGISTER!F:F,""),"")
B12: =IFERROR(XLOOKUP(C12,MASTER_REGISTER!E:E,MASTER_REGISTER!C:C,""),"") | D12: =IFERROR(XLOOKUP(C12,MASTER_REGISTER!E:E,MASTER_REGISTER!F:F,""),"")
B13: =IFERROR(XLOOKUP(C13,MASTER_REGISTER!E:E,MASTER_REGISTER!C:C,""),"") | D13: =IFERROR(XLOOKUP(C13,MASTER_REGISTER!E:E,MASTER_REGISTER!F:F,""),"")
... B501: =IFERROR(XLOOKUP(C501,MASTER_REGISTER!E:E,MASTER_REGISTER!C:C,""),"") | D501: =IFERROR(XLOOKUP(C501,MASTER_REGISTER!E:E,MASTER_REGISTER!F:F,""),"")

Sheet ATTENDANCE_SUMMARY
A1: Student Number | B1: Learner Name | C1: Grade | D1: Sessions Recorded | E1: Days Present | F1: Days Absent | G1: Attendance % | H1: Attendance Flag
A2: =IF(MASTER_REGISTER!E2="","",MASTER_REGISTER!E2) | B2: =IF(A2="","",MASTER_REGISTER!F2) | C2: =IF(A2="","",MASTER_REGISTER!C2) | D2: =IF(A2="","",COUNTIF(ATTENDANCE_DAILY!C:C,A2)) | E2: =IF(A2="","",COUNTIFS(ATTENDANCE_DAILY!C:C,A2,ATTENDANCE_DAILY!E:E,"Present")) | F2: =IF(A2="","",COUNTIFS(ATTENDANCE_DAILY!C:C,A2,ATTENDANCE_DAILY!E:E,"Absent")) | G2: =IF(D2=0,"",E2/D2) | H2: =IF(G2="","",IF(G2<0.75,"Low Attendance","OK"))
A3: =IF(MASTER_REGISTER!E3="","",MASTER_REGISTER!E3) | B3: =IF(A3="","",MASTER_REGISTER!F3) | C3: =IF(A3="","",MASTER_REGISTER!C3) | D3: =IF(A3="","",COUNTIF(ATTENDANCE_DAILY!C:C,A3)) | E3: =IF(A3="","",COUNTIFS(ATTENDANCE_DAILY!C:C,A3,ATTENDANCE_DAILY!E:E,"Present")) | F3: =IF(A3="","",COUNTIFS(ATTENDANCE_DAILY!C:C,A3,ATTENDANCE_DAILY!E:E,"Absent")) | G3: =IF(D3=0,"",E3/D3) | H3: =IF(G3="","",IF(G3<0.75,"Low Attendance","OK"))
A4: =IF(MASTER_REGISTER!E4="","",MASTER_REGISTER!E4) | B4: =IF(A4="","",MASTER_REGISTER!F4) | C4: =IF(A4="","",MASTER_REGISTER!C4) | D4: =IF(A4="","",COUNTIF(ATTENDANCE_DAILY!C:C,A4)) | E4: =IF(A4="","",COUNTIFS(ATTENDANCE_DAILY!C:C,A4,ATTENDANCE_DAILY!E:E,"Present")) | F4: =IF(A4="","",COUNTIFS(ATTENDANCE_DAILY!C:C,A4,ATTENDANCE_DAILY!E:E,"Absent")) | G4: =IF(D4=0,"",E4/D4) | H4: =IF(G4="","",IF(G4<0.75,"Low Attendance","OK"))
A5: =IF(MASTER_REGISTER!E5="","",MASTER_REGISTER!E5) | B5: =IF(A5="","",MASTER_REGISTER!F5) | C5: =IF(A5="","",MASTER_REGISTER!C5) | D5: =IF(A5="","",COUNTIF(ATTENDANCE_DAILY!C:C,A5)) | E5: =IF(A5="","",COUNTIFS(ATTENDANCE_DAILY!C:C,A5,ATTENDANCE_DAILY!E:E,"Present")) | F5: =IF(A5="","",COUNTIFS(ATTENDANCE_DAILY!C:C,A5,ATTENDANCE_DAILY!E:E,"Absent")) | G5: =IF(D5=0,"",E5/D5) | H5: =IF(G5="","",IF(G5<0.75,"Low Attendance","OK"))
A6: =IF(MASTER_REGISTER!E6="","",MASTER_REGISTER!E6) | B6: =IF(A6="","",MASTER_REGISTER!F6) | C6: =IF(A6="","",MASTER_REGISTER!C6) | D6: =IF(A6="","",COUNTIF(ATTENDANCE_DAILY!C:C,A6)) | E6: =IF(A6="","",COUNTIFS(ATTENDANCE_DAILY!C:C,A6,ATTENDANCE_DAILY!E:E,"Present")) | F6: =IF(A6="","",COUNTIFS(ATTENDANCE_DAILY!C:C,A6,ATTENDANCE_DAILY!E:E,"Absent")) | G6: =IF(D6=0,"",E6/D6) | H6: =IF(G6="","",IF(G6<0.75,"Low Attendance","OK"))
A7: =IF(MASTER_REGISTER!E7="","",MASTER_REGISTER!E7) | B7: =IF(A7="","",MASTER_REGISTER!F7) | C7: =IF(A7="","",MASTER_REGISTER!C7) | D7: =IF(A7="","",COUNTIF(ATTENDANCE_DAILY!C:C,A7)) | E7: =IF(A7="","",COUNTIFS(ATTENDANCE_DAILY!C:C,A7,ATTENDANCE_DAILY!E:E,"Present")) | F7: =IF(A7="","",COUNTIFS(ATTENDANCE_DAILY!C:C,A7,ATTENDANCE_DAILY!E:E,"Absent")) | G7: =IF(D7=0,"",E7/D7) | H7: =IF(G7="","",IF(G7<0.75,"Low Attendance","OK"))
A8: =IF(MASTER_REGISTER!E8="","",MASTER_REGISTER!E8) | B8: =IF(A8="","",MASTER_REGISTER!F8) | C8: =IF(A8="","",MASTER_REGISTER!C8) | D8: =IF(A8="","",COUNTIF(ATTENDANCE_DAILY!C:C,A8)) | E8: =IF(A8="","",COUNTIFS(ATTENDANCE_DAILY!C:C,A8,ATTENDANCE_DAILY!E:E,"Present")) | F8: =IF(A8="","",COUNTIFS(ATTENDANCE_DAILY!C:C,A8,ATTENDANCE_DAILY!E:E,"Absent")) | G8: =IF(D8=0,"",E8/D8) | H8: =IF(G8="","",IF(G8<0.75,"Low Attendance","OK"))
A9: =IF(MASTER_REGISTER!E9="","",MASTER_REGISTER!E9) | B9: =IF(A9="","",MASTER_REGISTER!F9) | C9: =IF(A9="","",MASTER_REGISTER!C9) | D9: =IF(A9="","",COUNTIF(ATTENDANCE_DAILY!C:C,A9)) | E9: =IF(A9="","",COUNTIFS(ATTENDANCE_DAILY!C:C,A9,ATTENDANCE_DAILY!E:E,"Present")) | F9: =IF(A9="","",COUNTIFS(ATTENDANCE_DAILY!C:C,A9,ATTENDANCE_DAILY!E:E,"Absent")) | G9: =IF(D9=0,"",E9/D9) | H9: =IF(G9="","",IF(G9<0.75,"Low Attendance","OK"))
A10: =IF(MASTER_REGISTER!E10="","",MASTER_REGISTER!E10) | B10: =IF(A10="","",MASTER_REGISTER!F10) | C10: =IF(A10="","",MASTER_REGISTER!C10) | D10: =IF(A10="","",COUNTIF(ATTENDANCE_DAILY!C:C,A10)) | E10: =IF(A10="","",COUNTIFS(ATTENDANCE_DAILY!C:C,A10,ATTENDANCE_DAILY!E:E,"Present")) | F10: =IF(A10="","",COUNTIFS(ATTENDANCE_DAILY!C:C,A10,ATTENDANCE_DAILY!E:E,"Absent")) | G10: =IF(D10=0,"",E10/D10) | H10: =IF(G10="","",IF(G10<0.75,"Low Attendance","OK"))
A11: =IF(MASTER_REGISTER!E11="","",MASTER_REGISTER!E11) | B11: =IF(A11="","",MASTER_REGISTER!F11) | C11: =IF(A11="","",MASTER_REGISTER!C11) | D11: =IF(A11="","",COUNTIF(ATTENDANCE_DAILY!C:C,A11)) | E11: =IF(A11="","",COUNTIFS(ATTENDANCE_DAILY!C:C,A11,ATTENDANCE_DAILY!E:E,"Present")) | F11: =IF(A11="","",COUNTIFS(ATTENDANCE_DAILY!C:C,A11,ATTENDANCE_DAILY!E:E,"Absent")) | G11: =IF(D11=0,"",E11/D11) | H11: =IF(G11="","",IF(G11<0.75,"Low Attendance","OK"))
A12: =IF(MASTER_REGISTER!E12="","",MASTER_REGISTER!E12) | B12: =IF(A12="","",MASTER_REGISTER!F12) | C12: =IF(A12="","",MASTER_REGISTER!C12) | D12: =IF(A12="","",COUNTIF(ATTENDANCE_DAILY!C:C,A12)) | E12: =IF(A12="","",COUNTIFS(ATTENDANCE_DAILY!C:C,A12,ATTENDANCE_DAILY!E:E,"Present")) | F12: =IF(A12="","",COUNTIFS(ATTENDANCE_DAILY!C:C,A12,ATTENDANCE_DAILY!E:E,"Absent")) | G12: =IF(D12=0,"",E12/D12) | H12: =IF(G12="","",IF(G12<0.75,"Low Attendance","OK"))
A13: =IF(MASTER_REGISTER!E13="","",MASTER_REGISTER!E13) | B13: =IF(A13="","",MASTER_REGISTER!F13) | C13: =IF(A13="","",MASTER_REGISTER!C13) | D13: =IF(A13="","",COUNTIF(ATTENDANCE_DAILY!C:C,A13)) | E13: =IF(A13="","",COUNTIFS(ATTENDANCE_DAILY!C:C,A13,ATTENDANCE_DAILY!E:E,"Present")) | F13: =IF(A13="","",COUNTIFS(ATTENDANCE_DAILY!C:C,A13,ATTENDANCE_DAILY!E:E,"Absent")) | G13: =IF(D13=0,"",E13/D13) | H13: =IF(G13="","",IF(G13<0.75,"Low Attendance","OK"))
... A501: =IF(MASTER_REGISTER!E501="","",MASTER_REGISTER!E501) | B501: =IF(A501="","",MASTER_REGISTER!F501) | C501: =IF(A501="","",MASTER_REGISTER!C501) | D501: =IF(A501="","",COUNTIF(ATTENDANCE_DAILY!C:C,A501)) | E501: =IF(A501="","",COUNTIFS(ATTENDANCE_DAILY!C:C,A501,ATTENDANCE_DAILY!E:E,"Present")) | F501: =IF(A501="","",COUNTIFS(ATTENDANCE_DAILY!C:C,A501,ATTENDANCE_DAILY!E:E,"Absent")) | G501: =IF(D501=0,"",E501/D501) | H501: =IF(G501="","",IF(G501<0.75,"Low Attendance","OK"))

Sheet PAYMENTS
A1: Payment Date | B1: Receipt/Ref | C1: Student Number | D1: Payer Name | E1: Amount Paid (R) | F1: Method | G1: Notes

Sheet ASSESSMENTS
A1: Assessment Date | B1: Student Number | C1: Learner Name (auto) | D1: Grade (auto) | E1: Subject | F1: Assessment Type | G1: Topic | H1: Score (%) | I1: Tutor | J1: Notes
C2: =IFERROR(XLOOKUP(B2,MASTER_REGISTER!E:E,MASTER_REGISTER!F:F,""),"") | D2: =IFERROR(XLOOKUP(B2,MASTER_REGISTER!E:E,MASTER_REGISTER!C:C,""),"")
C3: =IFERROR(XLOOKUP(B3,MASTER_REGISTER!E:E,MASTER_REGISTER!F:F,""),"") | D3: =IFERROR(XLOOKUP(B3,MASTER_REGISTER!E:E,MASTER_REGISTER!C:C,""),"")
C4: =IFERROR(XLOOKUP(B4,MASTER_REGISTER!E:E,MASTER_REGISTER!F:F,""),"") | D4: =IFERROR(XLOOKUP(B4,MASTER_REGISTER!E:E,MASTER_REGISTER!C:C,""),"")
C5: =IFERROR(XLOOKUP(B5,MASTER_REGISTER!E:E,MASTER_REGISTER!F:F,""),"") | D5: =IFERROR(XLOOKUP(B5,MASTER_REGISTER!E:E,MASTER_REGISTER!C:C,""),"")
C6: =IFERROR(XLOOKUP(B6,MASTER_REGISTER!E:E,MASTER_REGISTER!F:F,""),"") | D6: =IFERROR(XLOOKUP(B6,MASTER_REGISTER!E:E,MASTER_REGISTER!C:C,""),"")
C7: =IFERROR(XLOOKUP(B7,MASTER_REGISTER!E:E,MASTER_REGISTER!F:F,""),"") | D7: =IFERROR(XLOOKUP(B7,MASTER_REGISTER!E:E,MASTER_REGISTER!C:C,""),"")
C8: =IFERROR(XLOOKUP(B8,MASTER_REGISTER!E:E,MASTER_REGISTER!F:F,""),"") | D8: =IFERROR(XLOOKUP(B8,MASTER_REGISTER!E:E,MASTER_REGISTER!C:C,""),"")
C9: =IFERROR(XLOOKUP(B9,MASTER_REGISTER!E:E,MASTER_REGISTER!F:F,""),"") | D9: =IFERROR(XLOOKUP(B9,MASTER_REGISTER!E:E,MASTER_REGISTER!C:C,""),"")
C10: =IFERROR(XLOOKUP(B10,MASTER_REGISTER!E:E,MASTER_REGISTER!F:F,""),"") | D10: =IFERROR(XLOOKUP(B10,MASTER_REGISTER!E:E,MASTER_REGISTER!C:C,""),"")
C11: =IFERROR(XLOOKUP(B11,MASTER_REGISTER!E:E,MASTER_REGISTER!F:F,""),"") | D11: =IFERROR(XLOOKUP(B11,MASTER_REGISTER!E:E,MASTER_REGISTER!C:C,""),"")
C12: =IFERROR(XLOOKUP(B12,MASTER_REGISTER!E:E,MASTER_REGISTER!F:F,""),"") | D12: =IFERROR(XLOOKUP(B12,MASTER_REGISTER!E:E,MASTER_REGISTER!C:C,""),"")
C13: =IFERROR(XLOOKUP(B13,MASTER_REGISTER!E:E,MASTER_REGISTER!F:F,""),"") | D13: =IFERROR(XLOOKUP(B13,MASTER_REGISTER!E:E,MASTER_REGISTER!C:C,""),"")
... C501: =IFERROR(XLOOKUP(B501,MASTER_REGISTER!E:E,MASTER_REGISTER!F:F,""),"") | D501: =IFERROR(XLOOKUP(B501,MASTER_REGISTER!E:E,MASTER_REGISTER!C:C,""),"")

Sheet PROGRESS_SUMMARY
A1: Student Number | B1: Learner Name | C1: Grade | D1: Assessments Logged | E1: Average Score (%) | F1: Math Avg | G1: Math Lit Avg | H1: Physical Sciences Avg | I1: Geography Avg | J1: Accounting Avg | K1: English Avg | L1: Attendance % (auto) | M1: Progress Flag
A2: =IF(MASTER_REGISTER!E2="","",MASTER_REGISTER!E2) | B2: =IF(A2="","",MASTER_REGISTER!F2) | C2: =IF(A2="","",MASTER_REGISTER!C2) | D2: =IF(A2="","",COUNTIF(ASSESSMENTS!B:B,A2)) | E2: =IF(D2=0,"",ROUND(AVERAGEIF(ASSESSMENTS!B:B,A2,ASSESSMENTS!H:H),1)) | F2: =IF(A2="","",IFERROR(ROUND(AVERAGEIFS(ASSESSMENTS!H:H,ASSESSMENTS!B:B,A2,ASSESSMENTS!E:E,"Mathematics"),1),"")) | G2: =IF(A2="","",IFERROR(ROUND(AVERAGEIFS(ASSESSMENTS!H:H,ASSESSMENTS!B:B,A2,ASSESSMENTS!E:E,"Mathematical Literacy"),1),"")) | H2: =IF(A2="","",IFERROR(ROUND(AVERAGEIFS(ASSESSMENTS!H:H,ASSESSMENTS!B:B,A2,ASSESSMENTS!E:E,"Physical Sciences"),1),"")) | I2: =IF(A2="","",IFERROR(ROUND(AVERAGEIFS(ASSESSMENTS!H:H,ASSESSMENTS!B:B,A2,ASSESSMENTS!E:E,"Geography"),1),"")) | J2: =IF(A2="","",IFERROR(ROUND(AVERAGEIFS(ASSESSMENTS!H:H,ASSESSMENTS!B:B,A2,ASSESSMENTS!E:E,"Accounting"),1),"")) | K2: =IF(A2="","",IFERROR(ROUND(AVERAGEIFS(ASSESSMENTS!H:H,ASSESSMENTS!B:B,A2,ASSESSMENTS!E:E,"English"),1),"")) | L2: =IF(A2="","",IFERROR(XLOOKUP(A2,ATTENDANCE_SUMMARY!A:A,ATTENDANCE_SUMMARY!G:G,""),"")) | M2: =IF(A2="","",IF(OR(E2<50,AND(L2<0.75,L2<>"" )),"At Risk","On Track"))
A3: =IF(MASTER_REGISTER!E3="","",MASTER_REGISTER!E3) | B3: =IF(A3="","",MASTER_REGISTER!F3) | C3: =IF(A3="","",MASTER_REGISTER!C3) | D3: =IF(A3="","",COUNTIF(ASSESSMENTS!B:B,A3)) | E3: =IF(D3=0,"",ROUND(AVERAGEIF(ASSESSMENTS!B:B,A3,ASSESSMENTS!H:H),1)) | F3: =IF(A3="","",IFERROR(ROUND(AVERAGEIFS(ASSESSMENTS!H:H,ASSESSMENTS!B:B,A3,ASSESSMENTS!E:E,"Mathematics"),1),"")) | G3: =IF(A3="","",IFERROR(ROUND(AVERAGEIFS(ASSESSMENTS!H:H,ASSESSMENTS!B:B,A3,ASSESSMENTS!E:E,"Mathematical Literacy"),1),"")) | H3: =IF(A3="","",IFERROR(ROUND(AVERAGEIFS(ASSESSMENTS!H:H,ASSESSMENTS!B:B,A3,ASSESSMENTS!E:E,"Physical Sciences"),1),"")) | I3: =IF(A3="","",IFERROR(ROUND(AVERAGEIFS(ASSESSMENTS!H:H,ASSESSMENTS!B:B,A3,ASSESSMENTS!E:E,"Geography"),1),"")) | J3: =IF(A3="","",IFERROR(ROUND(AVERAGEIFS(ASSESSMENTS!H:H,ASSESSMENTS!B:B,A3,ASSESSMENTS!E:E,"Accounting"),1),"")) | K3: =IF(A3="","",IFERROR(ROUND(AVERAGEIFS(ASSESSMENTS!H:H,ASSESSMENTS!B:B,A3,ASSESSMENTS!E:E,"English"),1),"")) | L3: =IF(A3="","",IFERROR(XLOOKUP(A3,ATTENDANCE_SUMMARY!A:A,ATTENDANCE_SUMMARY!G:G,""),"")) | M3: =IF(A3="","",IF(OR(E3<50,AND(L3<0.75,L3<>"" )),"At Risk","On Track"))
A4: =IF(MASTER_REGISTER!E4="","",MASTER_REGISTER!E4) | B4: =IF(A4="","",MASTER_REGISTER!F4) | C4: =IF(A4="","",MASTER_REGISTER!C4) | D4: =IF(A4="","",COUNTIF(ASSESSMENTS!B:B,A4)) | E4: =IF(D4=0,"",ROUND(AVERAGEIF(ASSESSMENTS!B:B,A4,ASSESSMENTS!H:H),1)) | F4: =IF(A4="","",IFERROR(ROUND(AVERAGEIFS(ASSESSMENTS!H:H,ASSESSMENTS!B:B,A4,ASSESSMENTS!E:E,"Mathematics"),1),"")) | G4: =IF(A4="","",IFERROR(ROUND(AVERAGEIFS(ASSESSMENTS!H:H,ASSESSMENTS!B:B,A4,ASSESSMENTS!E:E,"Mathematical Literacy"),1),"")) | H4: =IF(A4="","",IFERROR(ROUND(AVERAGEIFS(ASSESSMENTS!H:H,ASSESSMENTS!B:B,A4,ASSESSMENTS!E:E,"Physical Sciences"),1),"")) | I4: =IF(A4="","",IFERROR(ROUND(AVERAGEIFS(ASSESSMENTS!H:H,ASSESSMENTS!B:B,A4,ASSESSMENTS!E:E,"Geography"),1),"")) | J4: =IF(A4="","",IFERROR(ROUND(AVERAGEIFS(ASSESSMENTS!H:H,ASSESSMENTS!B:B,A4,ASSESSMENTS!E:E,"Accounting"),1),"")) | K4: =IF(A4="","",IFERROR(ROUND(AVERAGEIFS(ASSESSMENTS!H:H,ASSESSMENTS!B:B,A4,ASSESSMENTS!E:E,"English"),1),"")) | L4: =IF(A4="","",IFERROR(XLOOKUP(A4,ATTENDANCE_SUMMARY!A:A,ATTENDANCE_SUMMARY!G:G,""),"")) | M4: =IF(A4="","",IF(OR(E4<50,AND(L4<0.75,L4<>"" )),"At Risk","On Track"))
A5: =IF(MASTER_REGISTER!E5="","",MASTER_REGISTER!E5) | B5: =IF(A5="","",MASTER_REGISTER!F5) | C5: =IF(A5="","",MASTER_REGISTER!C5) | D5: =IF(A5="","",COUNTIF(ASSESSMENTS!B:B,A5)) | E5: =IF(D5=0,"",ROUND(AVERAGEIF(ASSESSMENTS!B:B,A5,ASSESSMENTS!H:H),1)) | F5: =IF(A5="","",IFERROR(ROUND(AVERAGEIFS(ASSESSMENTS!H:H,ASSESSMENTS!B:B,A5,ASSESSMENTS!E:E,"Mathematics"),1),"")) | G5: =IF(A5="","",IFERROR(ROUND(AVERAGEIFS(ASSESSMENTS!H:H,ASSESSMENTS!B:B,A5,ASSESSMENTS!E:E,"Mathematical Literacy"),1),"")) | H5: =IF(A5="","",IFERROR(ROUND(AVERAGEIFS(ASSESSMENTS!H:H,ASSESSMENTS!B:B,A5,ASSESSMENTS!E:E,"Physical Sciences"),1),"")) | I5: =IF(A5="","",IFERROR(ROUND(AVERAGEIFS(ASSESSMENTS!H:H,ASSESSMENTS!B:B,A5,ASSESSMENTS!E:E,"Geography"),1),"")) | J5: =IF(A5="","",IFERROR(ROUND(AVERAGEIFS(ASSESSMENTS!H:H,ASSESSMENTS!B:B,A5,ASSESSMENTS!E:E,"Accounting"),1),"")) | K5: =IF(A5="","",IFERROR(ROUND(AVERAGEIFS(ASSESSMENTS!H:H,ASSESSMENTS!B:B,A5,ASSESSMENTS!E:E,"English"),1),"")) | L5: =IF(A5="","",IFERROR(XLOOKUP(A5,ATTENDANCE_SUMMARY!A:A,ATTENDANCE_SUMMARY!G:G,""),"")) | M5: =IF(A5="","",IF(OR(E5<50,AND(L5<0.75,L5<>"" )),"At Risk","On Track"))
A6: =IF(MASTER_REGISTER!E6="","",MASTER_REGISTER!E6) | B6: =IF(A6="","",MASTER_REGISTER!F6) | C6: =IF(A6="","",MASTER_REGISTER!C6) | D6: =IF(A6="","",COUNTIF(ASSESSMENTS!B:B,A6)) | E6: =IF(D6=0,"",ROUND(AVERAGEIF(ASSESSMENTS!B:B,A6,ASSESSMENTS!H:H),1)) | F6: =IF(A6="","",IFERROR(ROUND(AVERAGEIFS(ASSESSMENTS!H:H,ASSESSMENTS!B:B,A6,ASSESSMENTS!E:E,"Mathematics"),1),"")) | G6: =IF(A6="","",IFERROR(ROUND(AVERAGEIFS(ASSESSMENTS!H:H,ASSESSMENTS!B:B,A6,ASSESSMENTS!E:E,"Mathematical Literacy"),1),"")) | H6: =IF(A6="","",IFERROR(ROUND(AVERAGEIFS(ASSESSMENTS!H:H,ASSESSMENTS!B:B,A6,ASSESSMENTS!E:E,"Physical Sciences"),1),"")) | I6: =IF(A6="","",IFERROR(ROUND(AVERAGEIFS(ASSESSMENTS!H:H,ASSESSMENTS!B:B,A6,ASSESSMENTS!E:E,"Geography"),1),"")) | J6: =IF(A6="","",IFERROR(ROUND(AVERAGEIFS(ASSESSMENTS!H:H,ASSESSMENTS!B:B,A6,ASSESSMENTS!E:E,"Accounting"),1),"")) | K6: =IF(A6="","",IFERROR(ROUND(AVERAGEIFS(ASSESSMENTS!H:H,ASSESSMENTS!B:B,A6,ASSESSMENTS!E:E,"English"),1),"")) | L6: =IF(A6="","",IFERROR(XLOOKUP(A6,ATTENDANCE_SUMMARY!A:A,ATTENDANCE_SUMMARY!G:G,""),"")) | M6: =IF(A6="","",IF(OR(E6<50,AND(L6<0.75,L6<>"" )),"At Risk","On Track"))
A7: =IF(MASTER_REGISTER!E7="","",MASTER_REGISTER!E7) | B7: =IF(A7="","",MASTER_REGISTER!F7) | C7: =IF(A7="","",MASTER_REGISTER!C7) | D7: =IF(A7="","",COUNTIF(ASSESSMENTS!B:B,A7)) | E7: =IF(D7=0,"",ROUND(AVERAGEIF(ASSESSMENTS!B:B,A7,ASSESSMENTS!H:H),1)) | F7: =IF(A7="","",IFERROR(ROUND(AVERAGEIFS(ASSESSMENTS!H:H,ASSESSMENTS!B:B,A7,ASSESSMENTS!E:E,"Mathematics"),1),"")) | G7: =IF(A7="","",IFERROR(ROUND(AVERAGEIFS(ASSESSMENTS!H:H,ASSESSMENTS!B:B,A7,ASSESSMENTS!E:E,"Mathematical Literacy"),1),"")) | H7: =IF(A7="","",IFERROR(ROUND(AVERAGEIFS(ASSESSMENTS!H:H,ASSESSMENTS!B:B,A7,ASSESSMENTS!E:E,"Physical Sciences"),1),"")) | I7: =IF(A7="","",IFERROR(ROUND(AVERAGEIFS(ASSESSMENTS!H:H,ASSESSMENTS!B:B,A7,ASSESSMENTS!E:E,"Geography"),1),"")) | J7: =IF(A7="","",IFERROR(ROUND(AVERAGEIFS(ASSESSMENTS!H:H,ASSESSMENTS!B:B,A7,ASSESSMENTS!E:E,"Accounting"),1),"")) | K7: =IF(A7="","",IFERROR(ROUND(AVERAGEIFS(ASSESSMENTS!H:H,ASSESSMENTS!B:B,A7,ASSESSMENTS!E:E,"English"),1),"")) | L7: =IF(A7="","",IFERROR(XLOOKUP(A7,ATTENDANCE_SUMMARY!A:A,ATTENDANCE_SUMMARY!G:G,""),"")) | M7: =IF(A7="","",IF(OR(E7<50,AND(L7<0.75,L7<>"" )),"At Risk","On Track"))
A8: =IF(MASTER_REGISTER!E8="","",MASTER_REGISTER!E8) | B8: =IF(A8="","",MASTER_REGISTER!F8) | C8: =IF(A8="","",MASTER_REGISTER!C8) | D8: =IF(A8="","",COUNTIF(ASSESSMENTS!B:B,A8)) | E8: =IF(D8=0,"",ROUND(AVERAGEIF(ASSESSMENTS!B:B,A8,ASSESSMENTS!H:H),1)) | F8: =IF(A8="","",IFERROR(ROUND(AVERAGEIFS(ASSESSMENTS!H:H,ASSESSMENTS!B:B,A8,ASSESSMENTS!E:E,"Mathematics"),1),"")) | G8: =IF(A8="","",IFERROR(ROUND(AVERAGEIFS(ASSESSMENTS!H:H,ASSESSMENTS!B:B,A8,ASSESSMENTS!E:E,"Mathematical Literacy"),1),"")) | H8: =IF(A8="","",IFERROR(ROUND(AVERAGEIFS(ASSESSMENTS!H:H,ASSESSMENTS!B:B,A8,ASSESSMENTS!E:E,"Physical Sciences"),1),"")) | I8: =IF(A8="","",IFERROR(ROUND(AVERAGEIFS(ASSESSMENTS!H:H,ASSESSMENTS!B:B,A8,ASSESSMENTS!E:E,"Geography"),1),"")) | J8: =IF(A8="","",IFERROR(ROUND(AVERAGEIFS(ASSESSMENTS!H:H,ASSESSMENTS!B:B,A8,ASSESSMENTS!E:E,"Accounting"),1),"")) | K8: =IF(A8="","",IFERROR(ROUND(AVERAGEIFS(ASSESSMENTS!H:H,ASSESSMENTS!B:B,A8,ASSESSMENTS!E:E,"English"),1),"")) | L8: =IF(A8="","",IFERROR(XLOOKUP(A8,ATTENDANCE_SUMMARY!A:A,ATTENDANCE_SUMMARY!G:G,""),"")) | M8: =IF(A8="","",IF(OR(E8<50,AND(L8<0.75,L8<>"" )),"At Risk","On Track"))
A9: =IF(MASTER_REGISTER!E9="","",MASTER_REGISTER!E9) | B9: =IF(A9="","",MASTER_REGISTER!F9) | C9: =IF(A9="","",MASTER_REGISTER!C9) | D9: =IF(A9="","",COUNTIF(ASSESSMENTS!B:B,A9)) | E9: =IF(D9=0,"",ROUND(AVERAGEIF(ASSESSMENTS!B:B,A9,ASSESSMENTS!H:H),1)) | F9: =IF(A9="","",IFERROR(ROUND(AVERAGEIFS(ASSESSMENTS!H:H,ASSESSMENTS!B:B,A9,ASSESSMENTS!E:E,"Mathematics"),1),"")) | G9: =IF(A9="","",IFERROR(ROUND(AVERAGEIFS(ASSESSMENTS!H:H,ASSESSMENTS!B:B,A9,ASSESSMENTS!E:E,"Mathematical Literacy"),1),"")) | H9: =IF(A9="","",IFERROR(ROUND(AVERAGEIFS(ASSESSMENTS!H:H,ASSESSMENTS!B:B,A9,ASSESSMENTS!E:E,"Physical Sciences"),1),"")) | I9: =IF(A9="","",IFERROR(ROUND(AVERAGEIFS(ASSESSMENTS!H:H,ASSESSMENTS!B:B,A9,ASSESSMENTS!E:E,"Geography"),1),"")) | J9: =IF(A9="","",IFERROR(ROUND(AVERAGEIFS(ASSESSMENTS!H:H,ASSESSMENTS!B:B,A9,ASSESSMENTS!E:E,"Accounting"),1),"")) | K9: =IF(A9="","",IFERROR(ROUND(AVERAGEIFS(ASSESSMENTS!H:H,ASSESSMENTS!B:B,A9,ASSESSMENTS!E:E,"English"),1),"")) | L9: =IF(A9="","",IFERROR(XLOOKUP(A9,ATTENDANCE_SUMMARY!A:A,ATTENDANCE_SUMMARY!G:G,""),"")) | M9: =IF(A9="","",IF(OR(E9<50,AND(L9<0.75,L9<>"" )),"At Risk","On Track"))
A10: =IF(MASTER_REGISTER!E10="","",MASTER_REGISTER!E10) | B10: =IF(A10="","",MASTER_REGISTER!F10) | C10: =IF(A10="","",MASTER_REGISTER!C10) | D10: =IF(A10="","",COUNTIF(ASSESSMENTS!B:B,A10)) | E10: =IF(D10=0,"",ROUND(AVERAGEIF(ASSESSMENTS!B:B,A10,ASSESSMENTS!H:H),1)) | F10: =IF(A10="","",IFERROR(ROUND(AVERAGEIFS(ASSESSMENTS!H:H,ASSESSMENTS!B:B,A10,ASSESSMENTS!E:E,"Mathematics"),1),"")) | G10: =IF(A10="","",IFERROR(ROUND(AVERAGEIFS(ASSESSMENTS!H:H,ASSESSMENTS!B:B,A10,ASSESSMENTS!E:E,"Mathematical Literacy"),1),"")) | H10: =IF(A10="","",IFERROR(ROUND(AVERAGEIFS(ASSESSMENTS!H:H,ASSESSMENTS!B:B,A10,ASSESSMENTS!E:E,"Physical Sciences"),1),"")) | I10: =IF(A10="","",IFERROR(ROUND(AVERAGEIFS(ASSESSMENTS!H:H,ASSESSMENTS!B:B,A10,ASSESSMENTS!E:E,"Geography"),1),"")) | J10: =IF(A10="","",IFERROR(ROUND(AVERAGEIFS(ASSESSMENTS!H:H,ASSESSMENTS!B:B,A10,ASSESSMENTS!E:E,"Accounting"),1),"")) | K10: =IF(A10="","",IFERROR(ROUND(AVERAGEIFS(ASSESSMENTS!H:H,ASSESSMENTS!B:B,A10,ASSESSMENTS!E:E,"English"),1),"")) | L10: =IF(A10="","",IFERROR(XLOOKUP(A10,ATTENDANCE_SUMMARY!A:A,ATTENDANCE_SUMMARY!G:G,""),"")) | M10: =IF(A10="","",IF(OR(E10<50,AND(L10<0.75,L10<>"" )),"At Risk","On Track"))
A11: =IF(MASTER_REGISTER!E11="","",MASTER_REGISTER!E11) | B11: =IF(A11="","",MASTER_REGISTER!F11) | C11: =IF(A11="","",MASTER_REGISTER!C11) | D11: =IF(A11="","",COUNTIF(ASSESSMENTS!B:B,A11)) | E11: =IF(D11=0,"",ROUND(AVERAGEIF(ASSESSMENTS!B:B,A11,ASSESSMENTS!H:H),1)) | F11: =IF(A11="","",IFERROR(ROUND(AVERAGEIFS(ASSESSMENTS!H:H,ASSESSMENTS!B:B,A11,ASSESSMENTS!E:E,"Mathematics"),1),"")) | G11: =IF(A11="","",IFERROR(ROUND(AVERAGEIFS(ASSESSMENTS!H:H,ASSESSMENTS!B:B,A11,ASSESSMENTS!E:E,"Mathematical Literacy"),1),"")) | H11: =IF(A11="","",IFERROR(ROUND(AVERAGEIFS(ASSESSMENTS!H:H,ASSESSMENTS!B:B,A11,ASSESSMENTS!E:E,"Physical Sciences"),1),"")) | I11: =IF(A11="","",IFERROR(ROUND(AVERAGEIFS(ASSESSMENTS!H:H,ASSESSMENTS!B:B,A11,ASSESSMENTS!E:E,"Geography"),1),"")) | J11: =IF(A11="","",IFERROR(ROUND(AVERAGEIFS(ASSESSMENTS!H:H,ASSESSMENTS!B:B,A11,ASSESSMENTS!E:E,"Accounting"),1),"")) | K11: =IF(A11="","",IFERROR(ROUND(AVERAGEIFS(ASSESSMENTS!H:H,ASSESSMENTS!B:B,A11,ASSESSMENTS!E:E,"English"),1),"")) | L11: =IF(A11="","",IFERROR(XLOOKUP(A11,ATTENDANCE_SUMMARY!A:A,ATTENDANCE_SUMMARY!G:G,""),"")) | M11: =IF(A11="","",IF(OR(E11<50,AND(L11<0.75,L11<>"" )),"At Risk","On Track"))
A12: =IF(MASTER_REGISTER!E12="","",MASTER_REGISTER!E12) | B12: =IF(A12="","",MASTER_REGISTER!F12) | C12: =IF(A12="","",MASTER_REGISTER!C12) | D12: =IF(A12="","",COUNTIF(ASSESSMENTS!B:B,A12)) | E12: =IF(D12=0,"",ROUND(AVERAGEIF(ASSESSMENTS!B:B,A12,ASSESSMENTS!H:H),1)) | F12: =IF(A12="","",IFERROR(ROUND(AVERAGEIFS(ASSESSMENTS!H:H,ASSESSMENTS!B:B,A12,ASSESSMENTS!E:E,"Mathematics"),1),"")) | G12: =IF(A12="","",IFERROR(ROUND(AVERAGEIFS(ASSESSMENTS!H:H,ASSESSMENTS!B:B,A12,ASSESSMENTS!E:E,"Mathematical Literacy"),1),"")) | H12: =IF(A12="","",IFERROR(ROUND(AVERAGEIFS(ASSESSMENTS!H:H,ASSESSMENTS!B:B,A12,ASSESSMENTS!E:E,"Physical Sciences"),1),"")) | I12: =IF(A12="","",IFERROR(ROUND(AVERAGEIFS(ASSESSMENTS!H:H,ASSESSMENTS!B:B,A12,ASSESSMENTS!E:E,"Geography"),1),"")) | J12: =IF(A12="","",IFERROR(ROUND(AVERAGEIFS(ASSESSMENTS!H:H,ASSESSMENTS!B:B,A12,ASSESSMENTS!E:E,"Accounting"),1),"")) | K12: =IF(A12="","",IFERROR(ROUND(AVERAGEIFS(ASSESSMENTS!H:H,ASSESSMENTS!B:B,A12,ASSESSMENTS!E:E,"English"),1),"")) | L12: =IF(A12="","",IFERROR(XLOOKUP(A12,ATTENDANCE_SUMMARY!A:A,ATTENDANCE_SUMMARY!G:G,""),"")) | M12: =IF(A12="","",IF(OR(E12<50,AND(L12<0.75,L12<>"" )),"At Risk","On Track"))
A13: =IF(MASTER_REGISTER!E13="","",MASTER_REGISTER!E13) | B13: =IF(A13="","",MASTER_REGISTER!F13) | C13: =IF(A13="","",MASTER_REGISTER!C13) | D13: =IF(A13="","",COUNTIF(ASSESSMENTS!B:B,A13)) | E13: =IF(D13=0,"",ROUND(AVERAGEIF(ASSESSMENTS!B:B,A13,ASSESSMENTS!H:H),1)) | F13: =IF(A13="","",IFERROR(ROUND(AVERAGEIFS(ASSESSMENTS!H:H,ASSESSMENTS!B:B,A13,ASSESSMENTS!E:E,"Mathematics"),1),"")) | G13: =IF(A13="","",IFERROR(ROUND(AVERAGEIFS(ASSESSMENTS!H:H,ASSESSMENTS!B:B,A13,ASSESSMENTS!E:E,"Mathematical Literacy"),1),"")) | H13: =IF(A13="","",IFERROR(ROUND(AVERAGEIFS(ASSESSMENTS!H:H,ASSESSMENTS!B:B,A13,ASSESSMENTS!E:E,"Physical Sciences"),1),"")) | I13: =IF(A13="","",IFERROR(ROUND(AVERAGEIFS(ASSESSMENTS!H:H,ASSESSMENTS!B:B,A13,ASSESSMENTS!E:E,"Geography"),1),"")) | J13: =IF(A13="","",IFERROR(ROUND(AVERAGEIFS(ASSESSMENTS!H:H,ASSESSMENTS!B:B,A13,ASSESSMENTS!E:E,"Accounting"),1),"")) | K13: =IF(A13="","",IFERROR(ROUND(AVERAGEIFS(ASSESSMENTS!H:H,ASSESSMENTS!B:B,A13,ASSESSMENTS!E:E,"English"),1),"")) | L13: =IF(A13="","",IFERROR(XLOOKUP(A13,ATTENDANCE_SUMMARY!A:A,ATTENDANCE_SUMMARY!G:G,""),"")) | M13: =IF(A13="","",IF(OR(E13<50,AND(L13<0.75,L13<>"" )),"At Risk","On Track"))
... A501: =IF(MASTER_REGISTER!E501="","",MASTER_REGISTER!E501) | B501: =IF(A501="","",MASTER_REGISTER!F501) | C501: =IF(A501="","",MASTER_REGISTER!C501) | D501: =IF(A501="","",COUNTIF(ASSESSMENTS!B:B,A501)) | E501: =IF(D501=0,"",ROUND(AVERAGEIF(ASSESSMENTS!B:B,A501,ASSESSMENTS!H:H),1)) | F501: =IF(A501="","",IFERROR(ROUND(AVERAGEIFS(ASSESSMENTS!H:H,ASSESSMENTS!B:B,A501,ASSESSMENTS!E:E,"Mathematics"),1),"")) | G501: =IF(A501="","",IFERROR(ROUND(AVERAGEIFS(ASSESSMENTS!H:H,ASSESSMENTS!B:B,A501,ASSESSMENTS!E:E,"Mathematical Literacy"),1),"")) | H501: =IF(A501="","",IFERROR(ROUND(AVERAGEIFS(ASSESSMENTS!H:H,ASSESSMENTS!B:B,A501,ASSESSMENTS!E:E,"Physical Sciences"),1),"")) | I501: =IF(A501="","",IFERROR(ROUND(AVERAGEIFS(ASSESSMENTS!H:H,ASSESSMENTS!B:B,A501,ASSESSMENTS!E:E,"Geography"),1),"")) | J501: =IF(A501="","",IFERROR(ROUND(AVERAGEIFS(ASSESSMENTS!H:H,ASSESSMENTS!B:B,A501,ASSESSMENTS!E:E,"Accounting"),1),"")) | K501: =IF(A501="","",IFERROR(ROUND(AVERAGEIFS(ASSESSMENTS!H:H,ASSESSMENTS!B:B,A501,ASSESSMENTS!E:E,"English"),1),"")) | L501: =IF(A501="","",IFERROR(XLOOKUP(A501,ATTENDANCE_SUMMARY!A:A,ATTENDANCE_SUMMARY!G:G,""),"")) | M501: =IF(A501="","",IF(OR(E501<50,AND(L501<0.75,L501<>"" )),"At Risk","On Track"))

Sheet REPORT_TEMPLATE
A1: Math & Sciences Hub – Learner Progress Report
A3: Enter Student Number:
A4: Learner Name: | B4: =IFERROR(XLOOKUP($B$3,PROGRESS_SUMMARY!A:A,PROGRESS_SUMMARY!B:B,""),"")
A5: Grade: | B5: =IFERROR(XLOOKUP($B$3,PROGRESS_SUMMARY!A:A,PROGRESS_SUMMARY!C:C,""),"")
A6: Report Period:
A7: Attendance %: | B7: =IFERROR(XLOOKUP($B$3,PROGRESS_SUMMARY!A:A,PROGRESS_SUMMARY!L:L,""),"")
A8: Overall Average (%): | B8: =IFERROR(XLOOKUP($B$3,PROGRESS_SUMMARY!A:A,PROGRESS_SUMMARY!E:E,""),"")
A9: Progress Status: | B9: =IFERROR(XLOOKUP($B$3,PROGRESS_SUMMARY!A:A,PROGRESS_SUMMARY!M:M,""),"")
A11: Subject | B11: Average (%)
A12: Mathematics | B12: =IF($B$3="","",IFERROR(XLOOKUP($B$3,PROGRESS_SUMMARY!A:A,PROGRESS_SUMMARY!F:F,""),""))
A13: Mathematical Literacy | B13: =IF($B$3="","",IFERROR(XLOOKUP($B$3,PROGRESS_SUMMARY!A:A,PROGRESS_SUMMARY!G:G,""),""))
A14: Physical Sciences | B14: =IF($B$3="","",IFERROR(XLOOKUP($B$3,PROGRESS_SUMMARY!A:A,PROGRESS_SUMMARY!H:H,""),""))
A15: Geography | B15: =IF($B$3="","",IFERROR(XLOOKUP($B$3,PROGRESS_SUMMARY!A:A,PROGRESS_SUMMARY!I:I,""),""))
A16: Accounting | B16: =IF($B$3="","",IFERROR(XLOOKUP($B$3,PROGRESS_SUMMARY!A:A,PROGRESS_SUMMARY!J:J,""),""))
A17: English | B17: =IF($B$3="","",IFERROR(XLOOKUP($B$3,PROGRESS_SUMMARY!A:A,PROGRESS_SUMMARY!K:K,""),""))
A20: Tutor Notes:

Sheet TUTOR_REGISTER
A1: Tutor Name | B1: ID Number | C1: Contact Number | D1: Email | E1: Subject Specialty | F1: Highest Qualification | G1: University/Institution | H1: Status (Active/Inactive) | I1: Verification Code | J1: Verification Status | K1: Verified Date | L1: Expiry Date | M1: Role / Position
I2: =IF($A2="","","MSH-TUT-"&TEXT(YEAR(TODAY()),"0000")&"-"&TEXT(ROW()-1,"000")) | J2: =IF($A2="","","Pending")
I3: =IF($A3="","","MSH-TUT-"&TEXT(YEAR(TODAY()),"0000")&"-"&TEXT(ROW()-1,"000")) | J3: =IF($A3="","","Pending")
I4: =IF($A4="","","MSH-TUT-"&TEXT(YEAR(TODAY()),"0000")&"-"&TEXT(ROW()-1,"000")) | J4: =IF($A4="","","Pending")
I5: =IF($A5="","","MSH-TUT-"&TEXT(YEAR(TODAY()),"0000")&"-"&TEXT(ROW()-1,"000")) | J5: =IF($A5="","","Pending")
I6: =IF($A6="","","MSH-TUT-"&TEXT(YEAR(TODAY()),"0000")&"-"&TEXT(ROW()-1,"000")) | J6: =IF($A6="","","Pending")
I7: =IF($A7="","","MSH-TUT-"&TEXT(YEAR(TODAY()),"0000")&"-"&TEXT(ROW()-1,"000")) | J7: =IF($A7="","","Pending")
I8: =IF($A8="","","MSH-TUT-"&TEXT(YEAR(TODAY()),"0000")&"-"&TEXT(ROW()-1,"000")) | J8: =IF($A8="","","Pending")
I9: =IF($A9="","","MSH-TUT-"&TEXT(YEAR(TODAY()),"0000")&"-"&TEXT(ROW()-1,"000")) | J9: =IF($A9="","","Pending")
I10: =IF($A10="","","MSH-TUT-"&TEXT(YEAR(TODAY()),"0000")&"-"&TEXT(ROW()-1,"000")) | J10: =IF($A10="","","Pending")
I11: =IF($A11="","","MSH-TUT-"&TEXT(YEAR(TODAY()),"0000")&"-"&TEXT(ROW()-1,"000")) | J11: =IF($A11="","","Pending")
I12: =IF($A12="","","MSH-TUT-"&TEXT(YEAR(TODAY()),"0000")&"-"&TEXT(ROW()-1,"000")) | J12: =IF($A12="","","Pending")
I13: =IF($A13="","","MSH-TUT-"&TEXT(YEAR(TODAY()),"0000")&"-"&TEXT(ROW()-1,"000")) | J13: =IF($A13="","","Pending")
... I500: =IF($A500="","","MSH-TUT-"&TEXT(YEAR(TODAY()),"0000")&"-"&TEXT(ROW()-1,"000")) | J500: =IF($A500="","","Pending")

Sheet LESSON_PLANS
A1: Session Date | B1: Grade | C1: Subject | D1: Tutor Name | E1: Topic Covered | F1: CAPS Reference | G1: Homework Given? | H1: Resources Used | I1: Submitted? | J1: Remarks

Sheet TIMETABLE
A1: Math & Sciences Hub – Saturday Timetable
A2: Time Slot | B2: Classroom 1 | C2: Classroom 2 | D2: Classroom 3 | E2: Classroom 4 | F2: Classroom 5
A3: 07:00 – 08:00
A4: 08:00 – 09:00
A5: 09:00 – 10:00
A6: 10:00 – 11:00
A7: 11:00 – 12:00
A8: 12:00 – 13:00 (Lunch)
A9: 13:00 – 14:00
A10: 14:00 – 15:00
